query_id,query,language,scenario,category,reason,domain,subdomain,intent,decision,duplicate_type,duplicate_group,merge_target,decision_reason,confidence
V001,玩具,zh,creative_merch,toy,任务 Creative/Merch 场景正面示例词，具体实物,merch,toy,photo-real reference images of toys as a creative product design category (toy),KEEP,NEAR_DUPLICATE,P001,,Category default: creative_merch/toy -> domain=merch. Cross-language translation pair with V002; both kept (Curify serves zh and en).,HIGH
V002,toy,en,creative_merch,toy,任务 Creative/Merch 场景正面示例词，具体实物,merch,toy,photo-real reference images of toys as a creative product design category (toy),KEEP,NEAR_DUPLICATE,P001,,Category default: creative_merch/toy -> domain=merch. Cross-language translation pair with V001; both kept (Curify serves zh and en).,HIGH
V003,手办,zh,creative_merch,figure,任务 Creative/Merch 场景正面示例词，具体实物,merch,figure_generic,reference images of collectible figures for merch/product design (figure_generic),KEEP,NEAR_DUPLICATE,P002,,Category default: creative_merch/figure -> domain=merch. Cross-language translation pair with V004; both kept (Curify serves zh and en).,HIGH
V004,figure,en,creative_merch,figure,任务 Creative/Merch 场景正面示例词，具体实物,merch,figure_generic,reference images of collectible figures for merch/product design (figure_generic),KEEP,NEAR_DUPLICATE,P002,,Category default: creative_merch/figure -> domain=merch. Cross-language translation pair with V003; both kept (Curify serves zh and en).,HIGH
V005,毛绒玩具,zh,creative_merch,plush,任务 Creative/Merch 场景正面示例词，具体实物,merch,plush,reference images of plush toys for merch design (plush),KEEP,NEAR_DUPLICATE,P003,,Category default: creative_merch/plush -> domain=merch. Cross-language translation pair with V006; both kept (Curify serves zh and en).,HIGH
V006,plush,en,creative_merch,plush,任务 Creative/Merch 场景正面示例词，具体实物,merch,plush,reference images of plush toys for merch design (plush),KEEP,NEAR_DUPLICATE,P003,,Category default: creative_merch/plush -> domain=merch. Cross-language translation pair with V005; both kept (Curify serves zh and en).,HIGH
V007,娃娃,zh,creative_merch,doll,任务 Creative/Merch 场景正面示例词，具体实物,merch,doll,reference images of dolls for merch/character product design (doll),KEEP,NEAR_DUPLICATE,P004,,Category default: creative_merch/doll -> domain=merch. Cross-language translation pair with V008; both kept (Curify serves zh and en).,HIGH
V008,doll,en,creative_merch,doll,任务 Creative/Merch 场景正面示例词，具体实物,merch,doll,reference images of dolls for merch/character product design (doll),KEEP,NEAR_DUPLICATE,P004,,Category default: creative_merch/doll -> domain=merch. Cross-language translation pair with V007; both kept (Curify serves zh and en).,HIGH
V009,吉祥物,zh,creative_merch,mascot,任务 Creative/Merch 场景正面示例词，具体实物,merch,mascot,reference images of brand/event mascots for merch design (mascot),KEEP,NEAR_DUPLICATE,P005,,Category default: creative_merch/mascot -> domain=merch. Cross-language translation pair with V010; both kept (Curify serves zh and en).,HIGH
V010,mascot,en,creative_merch,mascot,任务 Creative/Merch 场景正面示例词，具体实物,merch,mascot,reference images of brand/event mascots for merch design (mascot),KEEP,NEAR_DUPLICATE,P005,,Category default: creative_merch/mascot -> domain=merch. Cross-language translation pair with V009; both kept (Curify serves zh and en).,HIGH
V011,卡通形象,zh,creative_merch,character,任务 Creative/Merch 场景正面示例词，具体实物,merch,character_ip,reference images of cartoon/IP characters for merch design (character_ip),KEEP,NEAR_DUPLICATE,P006,,Category default: creative_merch/character -> domain=merch. Cross-language translation pair with V012; both kept (Curify serves zh and en).,HIGH
V012,character,en,creative_merch,character,任务 Creative/Merch 场景正面示例词，具体实物,merch,character_ip,reference images of cartoon/IP characters for merch design (character_ip),KEEP,NEAR_DUPLICATE,P006,,Category default: creative_merch/character -> domain=merch. Cross-language translation pair with V011; both kept (Curify serves zh and en).,HIGH
V013,贴纸,zh,creative_merch,sticker,任务 Creative/Merch 场景正面示例词，具体实物,merch,sticker,reference images/design examples of stickers (sticker),KEEP,NEAR_DUPLICATE,P007,,Category default: creative_merch/sticker -> domain=merch. Cross-language translation pair with V014; both kept (Curify serves zh and en).,HIGH
V014,sticker,en,creative_merch,sticker,任务 Creative/Merch 场景正面示例词，具体实物,merch,sticker,reference images/design examples of stickers (sticker),KEEP,NEAR_DUPLICATE,P007,,Category default: creative_merch/sticker -> domain=merch. Cross-language translation pair with V013; both kept (Curify serves zh and en).,HIGH
V015,钥匙扣,zh,creative_merch,keychain,任务 Creative/Merch 场景正面示例词，具体实物,merch,keychain,reference images of keychains as merch (keychain),KEEP,NEAR_DUPLICATE,P008,,Category default: creative_merch/keychain -> domain=merch. Cross-language translation pair with V016; both kept (Curify serves zh and en).,HIGH
V016,keychain,en,creative_merch,keychain,任务 Creative/Merch 场景正面示例词，具体实物,merch,keychain,reference images of keychains as merch (keychain),KEEP,NEAR_DUPLICATE,P008,,Category default: creative_merch/keychain -> domain=merch. Cross-language translation pair with V015; both kept (Curify serves zh and en).,HIGH
V017,收藏品,zh,creative_merch,collectible,任务 Creative/Merch 场景正面示例词，具体实物,merch,collectible_generic,reference images of collectible items (collectible_generic),KEEP,NEAR_DUPLICATE,P009,,Category default: creative_merch/collectible -> domain=merch. Cross-language translation pair with V018; both kept (Curify serves zh and en).,HIGH
V018,collectible,en,creative_merch,collectible,任务 Creative/Merch 场景正面示例词，具体实物,merch,collectible_generic,reference images of collectible items (collectible_generic),KEEP,NEAR_DUPLICATE,P009,,Category default: creative_merch/collectible -> domain=merch. Cross-language translation pair with V017; both kept (Curify serves zh and en).,HIGH
V019,盲盒,zh,creative_merch,blind_box,任务 Creative/Merch 场景正面示例词，具体实物,merch,blind_box,reference images of blind-box/mystery collectible packaging and figures (blind_box),KEEP,NEAR_DUPLICATE,P010,,Category default: creative_merch/blind_box -> domain=merch. Cross-language translation pair with V020; both kept (Curify serves zh and en).,HIGH
V020,blind box,en,creative_merch,blind_box,任务 Creative/Merch 场景正面示例词，具体实物,merch,blind_box,reference images of blind-box/mystery collectible packaging and figures (blind_box),KEEP,NEAR_DUPLICATE,P010,,Category default: creative_merch/blind_box -> domain=merch. Cross-language translation pair with V019; both kept (Curify serves zh and en).,HIGH
V021,动作人偶,zh,creative_merch,figure,具体收藏玩具实物，视觉目标清晰,merch,action_figure,reference images of collectible figures for merch/product design (action_figure),KEEP,NEAR_DUPLICATE,P011,,Category default: creative_merch/figure -> domain=merch. Cross-language translation pair with V022; both kept (Curify serves zh and en).,HIGH
V022,action figure,en,creative_merch,figure,具体收藏玩具实物，视觉目标清晰,merch,action_figure,reference images of collectible figures for merch/product design (action_figure),KEEP,NEAR_DUPLICATE,P011,,Category default: creative_merch/figure -> domain=merch. Cross-language translation pair with V021; both kept (Curify serves zh and en).,HIGH
V023,泰迪熊,zh,creative_merch,plush,具体玩偶实物，视觉目标清晰,merch,plush,reference images of plush toys for merch design (plush),KEEP,NEAR_DUPLICATE,P012,,Category default: creative_merch/plush -> domain=merch. Cross-language translation pair with V024; both kept (Curify serves zh and en).,HIGH
V024,teddy bear,en,creative_merch,plush,具体玩偶实物，视觉目标清晰,merch,plush,reference images of plush toys for merch design (plush),KEEP,NEAR_DUPLICATE,P012,,Category default: creative_merch/plush -> domain=merch. Cross-language translation pair with V023; both kept (Curify serves zh and en).,HIGH
V025,扭蛋,zh,creative_merch,blind_box,具体收藏玩具实物，视觉目标清晰，盲盒/扭蛋同类机制,merch,capsule_toy_gacha,reference images of blind-box/mystery collectible packaging and figures (capsule_toy_gacha),KEEP,NEAR_DUPLICATE,P013,,Category default: creative_merch/blind_box -> domain=merch. Cross-language translation pair with V026; both kept (Curify serves zh and en).,HIGH
V026,capsule toy,en,creative_merch,blind_box,具体收藏玩具实物，视觉目标清晰，盲盒/扭蛋同类机制,merch,capsule_toy_gacha,reference images of blind-box/mystery collectible packaging and figures (capsule_toy_gacha),KEEP,NEAR_DUPLICATE,P013,,Category default: creative_merch/blind_box -> domain=merch. Cross-language translation pair with V025; both kept (Curify serves zh and en).,HIGH
V027,卡牌,zh,creative_merch,collectible,具体收藏品实物，视觉目标清晰,merch,trading_card,reference images of collectible items (trading_card),KEEP,NEAR_DUPLICATE,P014,,Category default: creative_merch/collectible -> domain=merch. Cross-language translation pair with V028; both kept (Curify serves zh and en).,HIGH
V028,trading card,en,creative_merch,collectible,具体收藏品实物，视觉目标清晰,merch,trading_card,reference images of collectible items (trading_card),KEEP,NEAR_DUPLICATE,P014,,Category default: creative_merch/collectible -> domain=merch. Cross-language translation pair with V027; both kept (Curify serves zh and en).,HIGH
V029,模型,zh,creative_merch,collectible,具体收藏品实物，视觉目标清晰,merch,model_kit,reference images of collectible items (model_kit),KEEP,NEAR_DUPLICATE,P015,,Category default: creative_merch/collectible -> domain=merch. Cross-language translation pair with V030; both kept (Curify serves zh and en).,HIGH
V030,model kit,en,creative_merch,collectible,具体收藏品实物，视觉目标清晰,merch,model_kit,reference images of collectible items (model_kit),KEEP,NEAR_DUPLICATE,P015,,Category default: creative_merch/collectible -> domain=merch. Cross-language translation pair with V029; both kept (Curify serves zh and en).,HIGH
V031,雕像,zh,creative_merch,collectible,具体收藏品实物，视觉目标清晰,merch,statue,reference images of collectible items (statue),KEEP,NEAR_DUPLICATE,P016,,Category default: creative_merch/collectible -> domain=merch. Cross-language translation pair with V032; both kept (Curify serves zh and en).,HIGH
V032,statue,en,creative_merch,collectible,具体收藏品实物，视觉目标清晰,merch,statue,reference images of collectible items (statue),KEEP,NEAR_DUPLICATE,P016,,Category default: creative_merch/collectible -> domain=merch. Cross-language translation pair with V031; both kept (Curify serves zh and en).,HIGH
V033,帆布袋,zh,creative_merch,merch_item,具体品牌周边实物，视觉目标清晰,merch,bag_accessory,reference images of branded/IP merchandise items (bag_accessory),KEEP,NEAR_DUPLICATE,P017,,Category default: creative_merch/merch_item -> domain=merch. Cross-language translation pair with V034; both kept (Curify serves zh and en).,HIGH
V034,tote bag,en,creative_merch,merch_item,具体品牌周边实物，视觉目标清晰,merch,bag_accessory,reference images of branded/IP merchandise items (bag_accessory),KEEP,NEAR_DUPLICATE,P017,,Category default: creative_merch/merch_item -> domain=merch. Cross-language translation pair with V033; both kept (Curify serves zh and en).,HIGH
V035,手机壳,zh,creative_merch,merch_item,具体品牌周边实物，视觉目标清晰,merch,tech_accessory,reference images of branded/IP merchandise items (tech_accessory),KEEP,NEAR_DUPLICATE,P018,,Category default: creative_merch/merch_item -> domain=merch. Cross-language translation pair with V036; both kept (Curify serves zh and en).,HIGH
V036,phone case,en,creative_merch,merch_item,具体品牌周边实物，视觉目标清晰,merch,tech_accessory,reference images of branded/IP merchandise items (tech_accessory),KEEP,NEAR_DUPLICATE,P018,,Category default: creative_merch/merch_item -> domain=merch. Cross-language translation pair with V035; both kept (Curify serves zh and en).,HIGH
V037,徽章,zh,creative_merch,merch_item,具体收藏周边实物，视觉目标清晰,merch,badge_pin,reference images of branded/IP merchandise items (badge_pin),KEEP,NEAR_DUPLICATE,P019,,Category default: creative_merch/merch_item -> domain=merch. Cross-language translation pair with V038; both kept (Curify serves zh and en).,HIGH
V038,badge,en,creative_merch,merch_item,具体收藏周边实物，视觉目标清晰,merch,badge_pin,reference images of branded/IP merchandise items (badge_pin),KEEP,NEAR_DUPLICATE,P019,,Category default: creative_merch/merch_item -> domain=merch. Cross-language translation pair with V037; both kept (Curify serves zh and en).,HIGH
V039,胸针,zh,creative_merch,merch_item,具体收藏周边实物，视觉目标清晰,merch,badge_pin,reference images of branded/IP merchandise items (badge_pin),KEEP,NEAR_DUPLICATE,P020,,Category default: creative_merch/merch_item -> domain=merch. Cross-language translation pair with V040; both kept (Curify serves zh and en).,HIGH
V040,enamel pin,en,creative_merch,merch_item,具体收藏周边实物，视觉目标清晰,merch,badge_pin,reference images of branded/IP merchandise items (badge_pin),KEEP,NEAR_DUPLICATE,P020,,Category default: creative_merch/merch_item -> domain=merch. Cross-language translation pair with V039; both kept (Curify serves zh and en).,HIGH
V041,冰箱贴,zh,creative_merch,merch_item,具体收藏周边实物，视觉目标清晰,merch,magnet_charm,reference images of branded/IP merchandise items (magnet_charm),KEEP,NEAR_DUPLICATE,P021,,Category default: creative_merch/merch_item -> domain=merch. Cross-language translation pair with V042; both kept (Curify serves zh and en).,HIGH
V042,magnet,en,creative_merch,merch_item,具体收藏周边实物，视觉目标清晰,merch,magnet_charm,reference images of branded/IP merchandise items (magnet_charm),KEEP,NEAR_DUPLICATE,P021,,Category default: creative_merch/merch_item -> domain=merch. Cross-language translation pair with V041; both kept (Curify serves zh and en).,HIGH
V043,挂绳,zh,creative_merch,merch_item,具体周边实物，视觉目标清晰,merch,wearable_accessory,reference images of branded/IP merchandise items (wearable_accessory),KEEP,NEAR_DUPLICATE,P022,,Category default: creative_merch/merch_item -> domain=merch. Cross-language translation pair with V044; both kept (Curify serves zh and en).,HIGH
V044,lanyard,en,creative_merch,merch_item,具体周边实物，视觉目标清晰,merch,wearable_accessory,reference images of branded/IP merchandise items (wearable_accessory),KEEP,NEAR_DUPLICATE,P022,,Category default: creative_merch/merch_item -> domain=merch. Cross-language translation pair with V043; both kept (Curify serves zh and en).,HIGH
V045,迷你手办,zh,creative_merch,figure,具体收藏玩具实物，视觉目标清晰,merch,mini_figure,reference images of collectible figures for merch/product design (mini_figure),KEEP,NEAR_DUPLICATE,P023,,Category default: creative_merch/figure -> domain=merch. Cross-language translation pair with V046; both kept (Curify serves zh and en).,HIGH
V046,mini figure,en,creative_merch,figure,具体收藏玩具实物，视觉目标清晰,merch,mini_figure,reference images of collectible figures for merch/product design (mini_figure),KEEP,NEAR_DUPLICATE,P023,,Category default: creative_merch/figure -> domain=merch. Cross-language translation pair with V045; both kept (Curify serves zh and en).,HIGH
V047,潮流公仔,zh,creative_merch,collectible,具体潮玩收藏品实物，视觉目标清晰,merch,designer_vinyl,reference images of collectible items (designer_vinyl),KEEP,NEAR_DUPLICATE,P024,,Category default: creative_merch/collectible -> domain=merch. Cross-language translation pair with V048; both kept (Curify serves zh and en).,HIGH
V048,vinyl toy,en,creative_merch,collectible,具体潮玩收藏品实物，视觉目标清晰,merch,designer_vinyl,reference images of collectible items (designer_vinyl),KEEP,NEAR_DUPLICATE,P024,,Category default: creative_merch/collectible -> domain=merch. Cross-language translation pair with V047; both kept (Curify serves zh and en).,HIGH
V049,潮流手办,zh,creative_merch,figure,具体潮玩收藏品实物，视觉目标清晰,merch,pop_figure_designer_toy,reference images of collectible figures for merch/product design (pop_figure_designer_toy),KEEP,NEAR_DUPLICATE,P025,,Category default: creative_merch/figure -> domain=merch. Cross-language translation pair with V050; both kept (Curify serves zh and en).,HIGH
V050,pop figure,en,creative_merch,figure,具体潮玩收藏品实物，视觉目标清晰,merch,pop_figure_designer_toy,reference images of collectible figures for merch/product design (pop_figure_designer_toy),KEEP,NEAR_DUPLICATE,P025,,Category default: creative_merch/figure -> domain=merch. Cross-language translation pair with V049; both kept (Curify serves zh and en).,HIGH
V051,惊喜盒子,zh,creative_merch,blind_box,具体收藏玩具购买形式实物，视觉目标清晰,merch,mystery_box,reference images of blind-box/mystery collectible packaging and figures (mystery_box),KEEP,NEAR_DUPLICATE,P026,,Category default: creative_merch/blind_box -> domain=merch. Cross-language translation pair with V052; both kept (Curify serves zh and en).,HIGH
V052,mystery box,en,creative_merch,blind_box,具体收藏玩具购买形式实物，视觉目标清晰,merch,mystery_box,reference images of blind-box/mystery collectible packaging and figures (mystery_box),KEEP,NEAR_DUPLICATE,P026,,Category default: creative_merch/blind_box -> domain=merch. Cross-language translation pair with V051; both kept (Curify serves zh and en).,HIGH
V053,挂件,zh,creative_merch,merch_item,具体周边实物，视觉目标清晰,merch,magnet_charm,reference images of branded/IP merchandise items (magnet_charm),KEEP,NEAR_DUPLICATE,P027,,Category default: creative_merch/merch_item -> domain=merch. Cross-language translation pair with V054; both kept (Curify serves zh and en).,HIGH
V054,charm,en,creative_merch,merch_item,具体周边实物，视觉目标清晰,merch,magnet_charm,reference images of branded/IP merchandise items (magnet_charm),KEEP,NEAR_DUPLICATE,P027,,Category default: creative_merch/merch_item -> domain=merch. Cross-language translation pair with V053; both kept (Curify serves zh and en).,HIGH
V055,马克杯,zh,creative_merch,merch_item,具体品牌/IP 周边实物，视觉目标清晰,merch,drinkware,reference images of branded/IP merchandise items (drinkware),KEEP,NEAR_DUPLICATE,P028,,Category default: creative_merch/merch_item -> domain=merch. Cross-language translation pair with V056; both kept (Curify serves zh and en).,HIGH
V056,collectible mug,en,creative_merch,merch_item,具体品牌/IP 周边实物，视觉目标清晰,merch,drinkware,reference images of branded/IP merchandise items (drinkware),KEEP,NEAR_DUPLICATE,P028,,Category default: creative_merch/merch_item -> domain=merch. Cross-language translation pair with V055; both kept (Curify serves zh and en).,HIGH
V057,抱枕,zh,creative_merch,merch_item,具体IP周边实物，视觉目标清晰,merch,home_goods,reference images of branded/IP merchandise items (home_goods),KEEP,NEAR_DUPLICATE,P029,,Category default: creative_merch/merch_item -> domain=merch. Cross-language translation pair with V058; both kept (Curify serves zh and en).,HIGH
V058,plush pillow,en,creative_merch,merch_item,具体IP周边实物，视觉目标清晰,merch,home_goods,reference images of branded/IP merchandise items (home_goods),KEEP,NEAR_DUPLICATE,P029,,Category default: creative_merch/merch_item -> domain=merch. Cross-language translation pair with V057; both kept (Curify serves zh and en).,HIGH
V059,拼图,zh,creative_merch,collectible,具体收藏/益智类实物，视觉目标清晰,merch,puzzle,reference images of collectible items (puzzle),KEEP,NEAR_DUPLICATE,P030,,Category default: creative_merch/collectible -> domain=merch. Cross-language translation pair with V060; both kept (Curify serves zh and en).,HIGH
V060,puzzle,en,creative_merch,collectible,具体收藏/益智类实物，视觉目标清晰,merch,puzzle,reference images of collectible items (puzzle),KEEP,NEAR_DUPLICATE,P030,,Category default: creative_merch/collectible -> domain=merch. Cross-language translation pair with V059; both kept (Curify serves zh and en).,HIGH
V061,积木,zh,creative_merch,collectible,具体收藏/拼砌类实物，视觉目标清晰,merch,building_blocks,reference images of collectible items (building_blocks),KEEP,NEAR_DUPLICATE,P031,,Category default: creative_merch/collectible -> domain=merch. Cross-language translation pair with V062; both kept (Curify serves zh and en).,HIGH
V062,building blocks,en,creative_merch,collectible,具体收藏/拼砌类实物，视觉目标清晰,merch,building_blocks,reference images of collectible items (building_blocks),KEEP,NEAR_DUPLICATE,P031,,Category default: creative_merch/collectible -> domain=merch. Cross-language translation pair with V061; both kept (Curify serves zh and en).,HIGH
V063,公仔盒,zh,creative_merch,merch_item,具体收藏周边实物，视觉目标清晰,merch,figure_box,reference images of branded/IP merchandise items (figure_box),KEEP,NONE,,,"Source-file pairing artifact: adjacent row V064 ('sticker pack') is NOT a translation of V063 (公仔盒 = 'figure display/storage box'). Treated as standalone, not a cross-language duplicate of V064.",MEDIUM
V064,sticker pack,en,creative_merch,merch_item,具体收藏周边实物，视觉目标清晰,merch,sticker,reference images of branded/IP merchandise items (sticker),KEEP,NONE,,,"Source-file pairing artifact: adjacent row V063 ('公仔盒'/figure box) is NOT the Chinese translation of 'sticker pack'. Treated as standalone, not a cross-language duplicate of V063.",MEDIUM
V065,文创手办,zh,creative_merch,figure,文创/文博类周边实物，覆盖 Creative/Cultural 需求,merch,cultural_figure,reference images of collectible figures for merch/product design (cultural_figure),KEEP,NEAR_DUPLICATE,P033,,Category default: creative_merch/figure -> domain=merch. Cross-language translation pair with V066; both kept (Curify serves zh and en).,HIGH
V066,cultural relic figure,en,creative_merch,figure,文创/文博类周边实物，覆盖 Creative/Cultural 需求,merch,cultural_figure,reference images of collectible figures for merch/product design (cultural_figure),KEEP,NEAR_DUPLICATE,P033,,Category default: creative_merch/figure -> domain=merch. Cross-language translation pair with V065; both kept (Curify serves zh and en).,HIGH
V067,博物馆文创,zh,creative_merch,merch_item,文博文创类周边实物，覆盖 Cultural/Merch 需求,merch,cultural_museum_merch,reference images of branded/IP merchandise items (cultural_museum_merch),KEEP,NEAR_DUPLICATE,P034,,Category default: creative_merch/merch_item -> domain=merch. Cross-language translation pair with V068; both kept (Curify serves zh and en).,HIGH
V068,museum souvenir,en,creative_merch,merch_item,文博文创类周边实物，覆盖 Cultural/Merch 需求,merch,cultural_museum_merch,reference images of branded/IP merchandise items (cultural_museum_merch),KEEP,NEAR_DUPLICATE,P034,,Category default: creative_merch/merch_item -> domain=merch. Cross-language translation pair with V067; both kept (Curify serves zh and en).,HIGH
V069,国潮公仔,zh,creative_merch,figure,国风/国潮IP周边实物，覆盖 Creative/Cultural 需求,merch,ip_figure,reference images of collectible figures for merch/product design (ip_figure),KEEP,NEAR_DUPLICATE,P035,,Category default: creative_merch/figure -> domain=merch. Cross-language translation pair with V070; both kept (Curify serves zh and en).,HIGH
V070,IP figure,en,creative_merch,figure,国风/国潮IP周边实物，覆盖 Creative/Cultural 需求,merch,ip_figure,reference images of collectible figures for merch/product design (ip_figure),KEEP,NEAR_DUPLICATE,P035,,Category default: creative_merch/figure -> domain=merch. Cross-language translation pair with V069; both kept (Curify serves zh and en).,HIGH
V071,动漫周边,zh,creative_merch,merch_item,二次元周边实物，覆盖 Creative/Merch 需求,merch,anime_merch,reference images of branded/IP merchandise items (anime_merch),KEEP,NEAR_DUPLICATE,P036,,Category default: creative_merch/merch_item -> domain=merch. Cross-language translation pair with V072; both kept (Curify serves zh and en).,HIGH
V072,anime merch,en,creative_merch,merch_item,二次元周边实物，覆盖 Creative/Merch 需求,merch,anime_merch,reference images of branded/IP merchandise items (anime_merch),KEEP,NEAR_DUPLICATE,P036,,Category default: creative_merch/merch_item -> domain=merch. Cross-language translation pair with V071; both kept (Curify serves zh and en).,HIGH
V073,明信片套装,zh,creative_merch,merch_item,文创周边实物，覆盖 Creative/Cultural 需求,merch,print_merch,reference images of branded/IP merchandise items (print_merch),KEEP,NEAR_DUPLICATE,P037,,Category default: creative_merch/merch_item -> domain=merch. Cross-language translation pair with V074; both kept (Curify serves zh and en).,HIGH
V074,postcard set,en,creative_merch,merch_item,文创周边实物，覆盖 Creative/Cultural 需求,merch,print_merch,reference images of branded/IP merchandise items (print_merch),KEEP,NEAR_DUPLICATE,P037,,Category default: creative_merch/merch_item -> domain=merch. Cross-language translation pair with V073; both kept (Curify serves zh and en).,HIGH
V075,艺术微喷,zh,creative_merch,collectible,艺术衍生品实物，覆盖 Creative/Merch 需求,merch,art_print,reference images of collectible items (art_print),KEEP,NEAR_DUPLICATE,P038,,Category default: creative_merch/collectible -> domain=merch. Cross-language translation pair with V076; both kept (Curify serves zh and en).,HIGH
V076,art print,en,creative_merch,collectible,艺术衍生品实物，覆盖 Creative/Merch 需求,merch,art_print,reference images of collectible items (art_print),KEEP,NEAR_DUPLICATE,P038,,Category default: creative_merch/collectible -> domain=merch. Cross-language translation pair with V075; both kept (Curify serves zh and en).,HIGH
V077,摇头公仔,zh,creative_merch,collectible,具体收藏玩具实物，视觉目标清晰,merch,bobblehead,reference images of collectible items (bobblehead),KEEP,NEAR_DUPLICATE,P039,,Category default: creative_merch/collectible -> domain=merch. Cross-language translation pair with V078; both kept (Curify serves zh and en).,HIGH
V078,bobblehead,en,creative_merch,collectible,具体收藏玩具实物，视觉目标清晰,merch,bobblehead,reference images of collectible items (bobblehead),KEEP,NEAR_DUPLICATE,P039,,Category default: creative_merch/collectible -> domain=merch. Cross-language translation pair with V077; both kept (Curify serves zh and en).,HIGH
V079,场景模型,zh,creative_merch,collectible,具体收藏模型实物，视觉目标清晰,merch,diorama,reference images of collectible items (diorama),KEEP,NEAR_DUPLICATE,P040,,Category default: creative_merch/collectible -> domain=merch. Cross-language translation pair with V080; both kept (Curify serves zh and en).,HIGH
V080,diorama,en,creative_merch,collectible,具体收藏模型实物，视觉目标清晰,merch,diorama,reference images of collectible items (diorama),KEEP,NEAR_DUPLICATE,P040,,Category default: creative_merch/collectible -> domain=merch. Cross-language translation pair with V079; both kept (Curify serves zh and en).,HIGH
V081,角色卡通贴纸,zh,creative_merch,sticker,IP角色贴纸周边实物，视觉目标清晰,merch,sticker,reference images/design examples of stickers (sticker),KEEP,NEAR_DUPLICATE,P041,,Category default: creative_merch/sticker -> domain=merch. Cross-language translation pair with V082; both kept (Curify serves zh and en).,HIGH
V082,character sticker pack,en,creative_merch,sticker,IP角色贴纸周边实物，视觉目标清晰,merch,sticker,reference images/design examples of stickers (sticker),KEEP,NEAR_DUPLICATE,P041,,Category default: creative_merch/sticker -> domain=merch. Cross-language translation pair with V081; both kept (Curify serves zh and en).,HIGH
V083,标志,zh,brand_business,logo,任务 Brand/Business 场景正面示例词,brand_logo,logo,reference images/examples of logo design (logo),KEEP,NEAR_DUPLICATE,P042,,Category default: brand_business/logo -> domain=brand_logo. Cross-language translation pair with V084; both kept (Curify serves zh and en).,HIGH
V084,logo,en,brand_business,logo,任务 Brand/Business 场景正面示例词,brand_logo,logo,reference images/examples of logo design (logo),KEEP,NEAR_DUPLICATE,P042,,Category default: brand_business/logo -> domain=brand_logo. Cross-language translation pair with V083; both kept (Curify serves zh and en).,HIGH
V085,包装,zh,brand_business,package,任务 Brand/Business 场景正面示例词,packaging,generic_packaging,reference images of product packaging design (generic_packaging),KEEP,NEAR_DUPLICATE,P043,,Category default: brand_business/package -> domain=packaging. Cross-language translation pair with V086; both kept (Curify serves zh and en).,HIGH
V086,package,en,brand_business,package,任务 Brand/Business 场景正面示例词,packaging,generic_packaging,reference images of product packaging design (generic_packaging),KEEP,NEAR_DUPLICATE,P043,,Category default: brand_business/package -> domain=packaging. Cross-language translation pair with V085; both kept (Curify serves zh and en).,HIGH
V087,标签,zh,brand_business,label,任务 Brand/Business 场景正面示例词,packaging,generic_label,reference images of product label design (generic_label),KEEP,SEMANTIC_OVERLAP,SG_label,,Category default: brand_business/label -> domain=packaging. Cross-language translation pair with V088; both kept (Curify serves zh and en).,HIGH
V088,label,en,brand_business,label,任务 Brand/Business 场景正面示例词,packaging,generic_label,reference images of product label design (generic_label),KEEP,SEMANTIC_OVERLAP,SG_label,,Category default: brand_business/label -> domain=packaging. Cross-language translation pair with V087; both kept (Curify serves zh and en).,HIGH
V089,瓶子,zh,brand_business,bottle,任务 Brand/Business 场景正面示例词,packaging,generic_bottle,reference images of bottle packaging design (generic_bottle),KEEP,NEAR_DUPLICATE,P045,,Category default: brand_business/bottle -> domain=packaging. Cross-language translation pair with V090; both kept (Curify serves zh and en).,HIGH
V090,bottle,en,brand_business,bottle,任务 Brand/Business 场景正面示例词,packaging,generic_bottle,reference images of bottle packaging design (generic_bottle),KEEP,NEAR_DUPLICATE,P045,,Category default: brand_business/bottle -> domain=packaging. Cross-language translation pair with V089; both kept (Curify serves zh and en).,HIGH
V091,菜单,zh,brand_business,menu,任务 Brand/Business 场景正面示例词,other_unmapped,restaurant_menu_design,"reference images of restaurant/cafe menu design (hospitality collateral, not core logo/brand-identity nor packaging nor ecommerce) (restaurant_menu_design)",KEEP,SEMANTIC_OVERLAP,SG_menu,,Category default: brand_business/menu -> domain=other_unmapped. Cross-language translation pair with V092; both kept (Curify serves zh and en).,HIGH
V092,menu,en,brand_business,menu,任务 Brand/Business 场景正面示例词,other_unmapped,restaurant_menu_design,"reference images of restaurant/cafe menu design (hospitality collateral, not core logo/brand-identity nor packaging nor ecommerce) (restaurant_menu_design)",KEEP,SEMANTIC_OVERLAP,SG_menu,,Category default: brand_business/menu -> domain=other_unmapped. Cross-language translation pair with V091; both kept (Curify serves zh and en).,HIGH
V093,名片,zh,brand_business,business_card,任务 Brand/Business 场景正面示例词,brand_logo,print_collateral,reference images of business card design as part of a brand identity system (print_collateral),KEEP,NEAR_DUPLICATE,P047,,Category default: brand_business/business_card -> domain=brand_logo. Cross-language translation pair with V094; both kept (Curify serves zh and en).,HIGH
V094,business card,en,brand_business,business_card,任务 Brand/Business 场景正面示例词,brand_logo,print_collateral,reference images of business card design as part of a brand identity system (print_collateral),KEEP,NEAR_DUPLICATE,P047,,Category default: brand_business/business_card -> domain=brand_logo. Cross-language translation pair with V093; both kept (Curify serves zh and en).,HIGH
V095,产品盒,zh,brand_business,product_box,任务 Brand/Business 场景正面示例词,packaging,generic_packaging,reference images of product box design (generic_packaging),KEEP,NEAR_DUPLICATE,P048,,Category default: brand_business/product_box -> domain=packaging. Cross-language translation pair with V096; both kept (Curify serves zh and en).,HIGH
V096,product box,en,brand_business,product_box,任务 Brand/Business 场景正面示例词,packaging,generic_packaging,reference images of product box design (generic_packaging),KEEP,NEAR_DUPLICATE,P048,,Category default: brand_business/product_box -> domain=packaging. Cross-language translation pair with V095; both kept (Curify serves zh and en).,HIGH
V097,咖啡包装,zh,brand_business,package,任务 Brand/Business 场景正面示例词,packaging,food_beverage_packaging,reference images of product packaging design (food_beverage_packaging),KEEP,NEAR_DUPLICATE,P049,,Category default: brand_business/package -> domain=packaging. Cross-language translation pair with V098; both kept (Curify serves zh and en).,HIGH
V098,coffee package,en,brand_business,package,任务 Brand/Business 场景正面示例词,packaging,food_beverage_packaging,reference images of product packaging design (food_beverage_packaging),KEEP,NEAR_DUPLICATE,P049,,Category default: brand_business/package -> domain=packaging. Cross-language translation pair with V097; both kept (Curify serves zh and en).,HIGH
V099,餐厅菜单,zh,brand_business,menu,任务 Brand/Business 场景正面示例词,other_unmapped,restaurant_menu_design,"reference images of restaurant/cafe menu design (hospitality collateral, not core logo/brand-identity nor packaging nor ecommerce) (restaurant_menu_design)",KEEP,SEMANTIC_OVERLAP,SG_menu,,Category default: brand_business/menu -> domain=other_unmapped. Cross-language translation pair with V100; both kept (Curify serves zh and en).,HIGH
V100,restaurant menu,en,brand_business,menu,任务 Brand/Business 场景正面示例词,other_unmapped,restaurant_menu_design,"reference images of restaurant/cafe menu design (hospitality collateral, not core logo/brand-identity nor packaging nor ecommerce) (restaurant_menu_design)",KEEP,SEMANTIC_OVERLAP,SG_menu,,Category default: brand_business/menu -> domain=other_unmapped. Cross-language translation pair with V099; both kept (Curify serves zh and en).,HIGH
V101,香水瓶,zh,brand_business,bottle,具体品牌资产实物，视觉目标清晰,packaging,cosmetic_packaging,reference images of bottle packaging design (cosmetic_packaging),KEEP,NEAR_DUPLICATE,P051,,Category default: brand_business/bottle -> domain=packaging. Cross-language translation pair with V102; both kept (Curify serves zh and en).,HIGH
V102,perfume bottle,en,brand_business,bottle,具体品牌资产实物，视觉目标清晰,packaging,cosmetic_packaging,reference images of bottle packaging design (cosmetic_packaging),KEEP,NEAR_DUPLICATE,P051,,Category default: brand_business/bottle -> domain=packaging. Cross-language translation pair with V101; both kept (Curify serves zh and en).,HIGH
V103,香水盒,zh,brand_business,product_box,具体品牌资产实物，视觉目标清晰,packaging,cosmetic_packaging,reference images of product box design (cosmetic_packaging),KEEP,NEAR_DUPLICATE,P052,,Category default: brand_business/product_box -> domain=packaging. Cross-language translation pair with V104; both kept (Curify serves zh and en).,HIGH
V104,perfume box,en,brand_business,product_box,具体品牌资产实物，视觉目标清晰,packaging,cosmetic_packaging,reference images of product box design (cosmetic_packaging),KEEP,NEAR_DUPLICATE,P052,,Category default: brand_business/product_box -> domain=packaging. Cross-language translation pair with V103; both kept (Curify serves zh and en).,HIGH
V105,茶叶包装,zh,brand_business,package,具体品牌资产实物，视觉目标清晰,packaging,food_beverage_packaging,reference images of product packaging design (food_beverage_packaging),KEEP,NEAR_DUPLICATE,P053,,Category default: brand_business/package -> domain=packaging. Cross-language translation pair with V106; both kept (Curify serves zh and en).,HIGH
V106,tea package,en,brand_business,package,具体品牌资产实物，视觉目标清晰,packaging,food_beverage_packaging,reference images of product packaging design (food_beverage_packaging),KEEP,NEAR_DUPLICATE,P053,,Category default: brand_business/package -> domain=packaging. Cross-language translation pair with V105; both kept (Curify serves zh and en).,HIGH
V107,咖啡豆包装,zh,brand_business,package,具体品牌资产实物，视觉目标清晰,packaging,food_beverage_packaging,reference images of product packaging design (food_beverage_packaging),KEEP,NEAR_DUPLICATE,P054,,Category default: brand_business/package -> domain=packaging. Cross-language translation pair with V108; both kept (Curify serves zh and en).,HIGH
V108,coffee bean package,en,brand_business,package,具体品牌资产实物，视觉目标清晰,packaging,food_beverage_packaging,reference images of product packaging design (food_beverage_packaging),KEEP,NEAR_DUPLICATE,P054,,Category default: brand_business/package -> domain=packaging. Cross-language translation pair with V107; both kept (Curify serves zh and en).,HIGH
V109,巧克力礼盒,zh,brand_business,product_box,具体品牌资产实物，视觉目标清晰,packaging,food_beverage_packaging,reference images of product box design (food_beverage_packaging),KEEP,NEAR_DUPLICATE,P055,,Category default: brand_business/product_box -> domain=packaging. Cross-language translation pair with V110; both kept (Curify serves zh and en).,HIGH
V110,chocolate box,en,brand_business,product_box,具体品牌资产实物，视觉目标清晰,packaging,food_beverage_packaging,reference images of product box design (food_beverage_packaging),KEEP,NEAR_DUPLICATE,P055,,Category default: brand_business/product_box -> domain=packaging. Cross-language translation pair with V109; both kept (Curify serves zh and en).,HIGH
V111,护肤品包装,zh,brand_business,package,具体品牌资产实物，视觉目标清晰,packaging,cosmetic_packaging,reference images of product packaging design (cosmetic_packaging),KEEP,NEAR_DUPLICATE,P056,,Category default: brand_business/package -> domain=packaging. Cross-language translation pair with V112; both kept (Curify serves zh and en).,HIGH
V112,skincare package,en,brand_business,package,具体品牌资产实物，视觉目标清晰,packaging,cosmetic_packaging,reference images of product packaging design (cosmetic_packaging),KEEP,NEAR_DUPLICATE,P056,,Category default: brand_business/package -> domain=packaging. Cross-language translation pair with V111; both kept (Curify serves zh and en).,HIGH
V113,化妆品包装,zh,brand_business,package,具体品牌资产实物，视觉目标清晰,packaging,cosmetic_packaging,reference images of product packaging design (cosmetic_packaging),KEEP,NEAR_DUPLICATE,P057,,Category default: brand_business/package -> domain=packaging. Cross-language translation pair with V114; both kept (Curify serves zh and en).,HIGH
V114,cosmetic package,en,brand_business,package,具体品牌资产实物，视觉目标清晰,packaging,cosmetic_packaging,reference images of product packaging design (cosmetic_packaging),KEEP,NEAR_DUPLICATE,P057,,Category default: brand_business/package -> domain=packaging. Cross-language translation pair with V113; both kept (Curify serves zh and en).,HIGH
V115,酒标,zh,brand_business,label,具体品牌资产实物，视觉目标清晰,packaging,beverage_packaging_label,reference images of product label design (beverage_packaging_label),KEEP,NEAR_DUPLICATE,P058,,Category default: brand_business/label -> domain=packaging. Cross-language translation pair with V116; both kept (Curify serves zh and en).,HIGH
V116,wine label,en,brand_business,label,具体品牌资产实物，视觉目标清晰,packaging,beverage_packaging_label,reference images of product label design (beverage_packaging_label),KEEP,NEAR_DUPLICATE,P058,,Category default: brand_business/label -> domain=packaging. Cross-language translation pair with V115; both kept (Curify serves zh and en).,HIGH
V117,零食包装,zh,brand_business,package,具体品牌资产实物，视觉目标清晰,packaging,food_beverage_packaging,reference images of product packaging design (food_beverage_packaging),KEEP,NEAR_DUPLICATE,P059,,Category default: brand_business/package -> domain=packaging. Cross-language translation pair with V118; both kept (Curify serves zh and en).,HIGH
V118,snack package,en,brand_business,package,具体品牌资产实物，视觉目标清晰,packaging,food_beverage_packaging,reference images of product packaging design (food_beverage_packaging),KEEP,NEAR_DUPLICATE,P059,,Category default: brand_business/package -> domain=packaging. Cross-language translation pair with V117; both kept (Curify serves zh and en).,HIGH
V119,礼品盒,zh,brand_business,product_box,任务在歧义词说明中明确列出的正面示例（gift box）,packaging,gift_packaging,reference images of product box design (gift_packaging),KEEP,NEAR_DUPLICATE,P060,,Category default: brand_business/product_box -> domain=packaging. Cross-language translation pair with V120; both kept (Curify serves zh and en).,HIGH
V120,gift box,en,brand_business,product_box,任务在歧义词说明中明确列出的正面示例（gift box）,packaging,gift_packaging,reference images of product box design (gift_packaging),KEEP,NEAR_DUPLICATE,P060,,Category default: brand_business/product_box -> domain=packaging. Cross-language translation pair with V119; both kept (Curify serves zh and en).,HIGH
V121,购物袋,zh,brand_business,merch_item,具体品牌周边实物，视觉目标清晰,packaging,retail_bag_packaging,reference images of retail carrier-bag packaging (retail_bag_packaging),KEEP,NEAR_DUPLICATE,P061,,Category default: brand_business/merch_item -> domain=packaging. Cross-language translation pair with V122; both kept (Curify serves zh and en).,HIGH
V122,shopping bag,en,brand_business,merch_item,具体品牌周边实物，视觉目标清晰,packaging,retail_bag_packaging,reference images of retail carrier-bag packaging (retail_bag_packaging),KEEP,NEAR_DUPLICATE,P061,,Category default: brand_business/merch_item -> domain=packaging. Cross-language translation pair with V121; both kept (Curify serves zh and en).,HIGH
V123,产品标签,zh,brand_business,label,具体品牌资产实物，视觉目标清晰,packaging,product_label,reference images of product label design (product_label),KEEP,SEMANTIC_OVERLAP,SG_label,,Category default: brand_business/label -> domain=packaging. Cross-language translation pair with V124; both kept (Curify serves zh and en).,HIGH
V124,product label,en,brand_business,label,具体品牌资产实物，视觉目标清晰,packaging,product_label,reference images of product label design (product_label),KEEP,SEMANTIC_OVERLAP,SG_label,,Category default: brand_business/label -> domain=packaging. Cross-language translation pair with V123; both kept (Curify serves zh and en).,HIGH
V125,烘焙包装,zh,brand_business,package,具体品牌资产实物，视觉目标清晰,packaging,food_beverage_packaging,reference images of product packaging design (food_beverage_packaging),KEEP,NEAR_DUPLICATE,P063,,Category default: brand_business/package -> domain=packaging. Cross-language translation pair with V126; both kept (Curify serves zh and en).,HIGH
V126,bakery package,en,brand_business,package,具体品牌资产实物，视觉目标清晰,packaging,food_beverage_packaging,reference images of product packaging design (food_beverage_packaging),KEEP,NEAR_DUPLICATE,P063,,Category default: brand_business/package -> domain=packaging. Cross-language translation pair with V125; both kept (Curify serves zh and en).,HIGH
V127,咖啡馆菜单,zh,brand_business,menu,具体品牌资产实物，视觉目标清晰,other_unmapped,restaurant_menu_design,"reference images of restaurant/cafe menu design (hospitality collateral, not core logo/brand-identity nor packaging nor ecommerce) (restaurant_menu_design)",KEEP,SEMANTIC_OVERLAP,SG_menu,,Category default: brand_business/menu -> domain=other_unmapped. Cross-language translation pair with V128; both kept (Curify serves zh and en).,HIGH
V128,cafe menu,en,brand_business,menu,具体品牌资产实物，视觉目标清晰,other_unmapped,restaurant_menu_design,"reference images of restaurant/cafe menu design (hospitality collateral, not core logo/brand-identity nor packaging nor ecommerce) (restaurant_menu_design)",KEEP,SEMANTIC_OVERLAP,SG_menu,,Category default: brand_business/menu -> domain=other_unmapped. Cross-language translation pair with V127; both kept (Curify serves zh and en).,HIGH
V129,店招,zh,brand_business,signage,具体品牌资产实物，视觉目标清晰,brand_logo,signage,reference images of storefront/shop signage as physical brand identity (signage),KEEP,NEAR_DUPLICATE,SG_signage,,Category default: brand_business/signage -> domain=brand_logo. Cross-language translation pair with V130; both kept (Curify serves zh and en).,HIGH
V130,shop sign,en,brand_business,signage,具体品牌资产实物，视觉目标清晰,brand_logo,signage,reference images of storefront/shop signage as physical brand identity (signage),KEEP,NEAR_DUPLICATE,SG_signage,,Category default: brand_business/signage -> domain=brand_logo. Cross-language translation pair with V129; both kept (Curify serves zh and en).,HIGH
V131,门店招牌,zh,brand_business,signage,具体品牌资产实物，视觉目标清晰,brand_logo,signage,reference images of storefront/shop signage as physical brand identity (signage),MERGE,NEAR_DUPLICATE,SG_signage,V129,"门店招牌 (storefront sign) is semantically near-identical to 店招 (shop sign, V129) -- same real-world visual target (exterior signage), redundant as a separate query.",MEDIUM
V132,storefront sign,en,brand_business,signage,具体品牌资产实物，视觉目标清晰,brand_logo,signage,reference images of storefront/shop signage as physical brand identity (signage),MERGE,NEAR_DUPLICATE,SG_signage,V130,"'storefront sign' is near-identical to 'shop sign' (V130) -- same real-world visual target, redundant as a separate query.",MEDIUM
V133,产品吊牌,zh,brand_business,label,具体品牌资产实物，视觉目标清晰,packaging,hangtag,reference images of product label design (hangtag),KEEP,NEAR_DUPLICATE,P067,,Category default: brand_business/label -> domain=packaging. Cross-language translation pair with V134; both kept (Curify serves zh and en).,HIGH
V134,product tag,en,brand_business,label,具体品牌资产实物，视觉目标清晰,packaging,hangtag,reference images of product label design (hangtag),KEEP,NEAR_DUPLICATE,P067,,Category default: brand_business/label -> domain=packaging. Cross-language translation pair with V133; both kept (Curify serves zh and en).,HIGH
V135,价格标签,zh,brand_business,label,具体品牌资产实物，视觉目标清晰,packaging,hangtag,reference images of product label design (hangtag),KEEP,NEAR_DUPLICATE,P068,,Category default: brand_business/label -> domain=packaging. Cross-language translation pair with V136; both kept (Curify serves zh and en).,HIGH
V136,price tag,en,brand_business,label,具体品牌资产实物，视觉目标清晰,packaging,hangtag,reference images of product label design (hangtag),KEEP,NEAR_DUPLICATE,P068,,Category default: brand_business/label -> domain=packaging. Cross-language translation pair with V135; both kept (Curify serves zh and en).,HIGH
V137,服装吊牌,zh,brand_business,label,具体品牌资产实物，视觉目标清晰,packaging,hangtag,reference images of product label design (hangtag),KEEP,NEAR_DUPLICATE,P069,,Category default: brand_business/label -> domain=packaging. Cross-language translation pair with V138; both kept (Curify serves zh and en).,HIGH
V138,clothing tag,en,brand_business,label,具体品牌资产实物，视觉目标清晰,packaging,hangtag,reference images of product label design (hangtag),KEEP,NEAR_DUPLICATE,P069,,Category default: brand_business/label -> domain=packaging. Cross-language translation pair with V137; both kept (Curify serves zh and en).,HIGH
V139,首饰盒,zh,brand_business,product_box,具体品牌资产实物，视觉目标清晰,packaging,gift_packaging,reference images of product box design (gift_packaging),KEEP,NEAR_DUPLICATE,P070,,Category default: brand_business/product_box -> domain=packaging. Cross-language translation pair with V140; both kept (Curify serves zh and en).,HIGH
V140,jewelry box,en,brand_business,product_box,具体品牌资产实物，视觉目标清晰,packaging,gift_packaging,reference images of product box design (gift_packaging),KEEP,NEAR_DUPLICATE,P070,,Category default: brand_business/product_box -> domain=packaging. Cross-language translation pair with V139; both kept (Curify serves zh and en).,HIGH
V141,蜡烛标签,zh,brand_business,label,具体品牌资产实物，视觉目标清晰,packaging,home_goods_packaging_label,reference images of product label design (home_goods_packaging_label),KEEP,NEAR_DUPLICATE,P071,,Category default: brand_business/label -> domain=packaging. Cross-language translation pair with V142; both kept (Curify serves zh and en).,HIGH
V142,candle label,en,brand_business,label,具体品牌资产实物，视觉目标清晰,packaging,home_goods_packaging_label,reference images of product label design (home_goods_packaging_label),KEEP,NEAR_DUPLICATE,P071,,Category default: brand_business/label -> domain=packaging. Cross-language translation pair with V141; both kept (Curify serves zh and en).,HIGH
V143,香皂包装,zh,brand_business,package,具体品牌资产实物，视觉目标清晰,packaging,cosmetic_packaging,reference images of product packaging design (cosmetic_packaging),KEEP,NEAR_DUPLICATE,P072,,Category default: brand_business/package -> domain=packaging. Cross-language translation pair with V144; both kept (Curify serves zh and en).,HIGH
V144,soap package,en,brand_business,package,具体品牌资产实物，视觉目标清晰,packaging,cosmetic_packaging,reference images of product packaging design (cosmetic_packaging),KEEP,NEAR_DUPLICATE,P072,,Category default: brand_business/package -> domain=packaging. Cross-language translation pair with V143; both kept (Curify serves zh and en).,HIGH
V145,茶叶罐,zh,brand_business,product_box,具体品牌资产实物，视觉目标清晰,packaging,food_beverage_packaging,reference images of product box design (food_beverage_packaging),KEEP,NEAR_DUPLICATE,P073,,Category default: brand_business/product_box -> domain=packaging. Cross-language translation pair with V146; both kept (Curify serves zh and en).,HIGH
V146,tea box,en,brand_business,product_box,具体品牌资产实物，视觉目标清晰,packaging,food_beverage_packaging,reference images of product box design (food_beverage_packaging),KEEP,NEAR_DUPLICATE,P073,,Category default: brand_business/product_box -> domain=packaging. Cross-language translation pair with V145; both kept (Curify serves zh and en).,HIGH
V147,咖啡杯,zh,brand_business,cup,任务在核心原则中明确列出的正面示例（coffee cup）,packaging,beverage_packaging,reference images of branded beverage cup/sleeve packaging (beverage_packaging),KEEP,NEAR_DUPLICATE,P074,,Category default: brand_business/cup -> domain=packaging. Cross-language translation pair with V148; both kept (Curify serves zh and en).,HIGH
V148,coffee cup,en,brand_business,cup,任务在核心原则中明确列出的正面示例（coffee cup）,packaging,beverage_packaging,reference images of branded beverage cup/sleeve packaging (beverage_packaging),KEEP,NEAR_DUPLICATE,P074,,Category default: brand_business/cup -> domain=packaging. Cross-language translation pair with V147; both kept (Curify serves zh and en).,HIGH
V149,咖啡杯套,zh,brand_business,cup,具体品牌周边实物，视觉目标清晰,packaging,beverage_packaging,reference images of branded beverage cup/sleeve packaging (beverage_packaging),KEEP,NEAR_DUPLICATE,P075,,Category default: brand_business/cup -> domain=packaging. Cross-language translation pair with V150; both kept (Curify serves zh and en).,HIGH
V150,coffee cup sleeve,en,brand_business,cup,具体品牌周边实物，视觉目标清晰,packaging,beverage_packaging,reference images of branded beverage cup/sleeve packaging (beverage_packaging),KEEP,NEAR_DUPLICATE,P075,,Category default: brand_business/cup -> domain=packaging. Cross-language translation pair with V149; both kept (Curify serves zh and en).,HIGH
V151,外卖餐盒,zh,brand_business,product_box,具体品牌资产实物，视觉目标清晰,packaging,food_beverage_packaging,reference images of product box design (food_beverage_packaging),KEEP,NEAR_DUPLICATE,P076,,Category default: brand_business/product_box -> domain=packaging. Cross-language translation pair with V152; both kept (Curify serves zh and en).,HIGH
V152,takeout box,en,brand_business,product_box,具体品牌资产实物，视觉目标清晰,packaging,food_beverage_packaging,reference images of product box design (food_beverage_packaging),KEEP,NEAR_DUPLICATE,P076,,Category default: brand_business/product_box -> domain=packaging. Cross-language translation pair with V151; both kept (Curify serves zh and en).,HIGH
V153,饮料瓶,zh,brand_business,bottle,具体品牌资产实物，视觉目标清晰,packaging,food_beverage_packaging,reference images of bottle packaging design (food_beverage_packaging),KEEP,NEAR_DUPLICATE,P077,,Category default: brand_business/bottle -> domain=packaging. Cross-language translation pair with V154; both kept (Curify serves zh and en).,HIGH
V154,drink bottle,en,brand_business,bottle,具体品牌资产实物，视觉目标清晰,packaging,food_beverage_packaging,reference images of bottle packaging design (food_beverage_packaging),KEEP,NEAR_DUPLICATE,P077,,Category default: brand_business/bottle -> domain=packaging. Cross-language translation pair with V153; both kept (Curify serves zh and en).,HIGH
V155,水瓶标签,zh,brand_business,label,具体品牌资产实物，视觉目标清晰,packaging,beverage_packaging_label,reference images of product label design (beverage_packaging_label),KEEP,NEAR_DUPLICATE,P078,,Category default: brand_business/label -> domain=packaging. Cross-language translation pair with V156; both kept (Curify serves zh and en).,HIGH
V156,water bottle label,en,brand_business,label,具体品牌资产实物，视觉目标清晰,packaging,beverage_packaging_label,reference images of product label design (beverage_packaging_label),KEEP,NEAR_DUPLICATE,P078,,Category default: brand_business/label -> domain=packaging. Cross-language translation pair with V155; both kept (Curify serves zh and en).,HIGH
V157,信封,zh,brand_business,stationery,具体品牌物料实物，视觉目标清晰,brand_logo,print_collateral,reference images of branded stationery (e.g. envelopes) as part of a brand identity system (print_collateral),KEEP,NEAR_DUPLICATE,P079,,Category default: brand_business/stationery -> domain=brand_logo. Cross-language translation pair with V158; both kept (Curify serves zh and en).,HIGH
V158,envelope,en,brand_business,stationery,具体品牌物料实物，视觉目标清晰,brand_logo,print_collateral,reference images of branded stationery (e.g. envelopes) as part of a brand identity system (print_collateral),KEEP,NEAR_DUPLICATE,P079,,Category default: brand_business/stationery -> domain=brand_logo. Cross-language translation pair with V157; both kept (Curify serves zh and en).,HIGH
V159,手提袋,zh,brand_business,merch_item,具体品牌周边实物，视觉目标清晰,packaging,retail_bag_packaging,reference images of retail carrier-bag packaging (retail_bag_packaging),KEEP,NEAR_DUPLICATE,P080,,Category default: brand_business/merch_item -> domain=packaging. Cross-language translation pair with V160; both kept (Curify serves zh and en).,HIGH
V160,paper bag,en,brand_business,merch_item,具体品牌周边实物，视觉目标清晰,packaging,retail_bag_packaging,reference images of retail carrier-bag packaging (retail_bag_packaging),KEEP,NEAR_DUPLICATE,P080,,Category default: brand_business/merch_item -> domain=packaging. Cross-language translation pair with V159; both kept (Curify serves zh and en).,HIGH
V161,蛋糕盒,zh,brand_business,product_box,具体品牌资产实物，视觉目标清晰,packaging,food_beverage_packaging,reference images of product box design (food_beverage_packaging),KEEP,NEAR_DUPLICATE,P081,,Category default: brand_business/product_box -> domain=packaging. Cross-language translation pair with V162; both kept (Curify serves zh and en).,HIGH
V162,cake box,en,brand_business,product_box,具体品牌资产实物，视觉目标清晰,packaging,food_beverage_packaging,reference images of product box design (food_beverage_packaging),KEEP,NEAR_DUPLICATE,P081,,Category default: brand_business/product_box -> domain=packaging. Cross-language translation pair with V161; both kept (Curify serves zh and en).,HIGH
V163,月饼礼盒,zh,brand_business,product_box,具体品牌资产实物，视觉目标清晰,packaging,food_beverage_packaging,reference images of product box design (food_beverage_packaging),KEEP,NEAR_DUPLICATE,P082,,Category default: brand_business/product_box -> domain=packaging. Cross-language translation pair with V164; both kept (Curify serves zh and en).,HIGH
V164,mooncake gift box,en,brand_business,product_box,具体品牌资产实物，视觉目标清晰,packaging,food_beverage_packaging,reference images of product box design (food_beverage_packaging),KEEP,NEAR_DUPLICATE,P082,,Category default: brand_business/product_box -> domain=packaging. Cross-language translation pair with V163; both kept (Curify serves zh and en).,HIGH
V165,横幅,zh,marketing_ecommerce,banner,任务 Marketing/Ecommerce 场景正面示例词,ecommerce,generic_banner,reference images of online-store/marketing banner design (generic_banner),KEEP,NEAR_DUPLICATE,P083,,Category default: marketing_ecommerce/banner -> domain=ecommerce. Cross-language translation pair with V166; both kept (Curify serves zh and en).,HIGH
V166,banner,en,marketing_ecommerce,banner,任务 Marketing/Ecommerce 场景正面示例词,ecommerce,generic_banner,reference images of online-store/marketing banner design (generic_banner),KEEP,NEAR_DUPLICATE,P083,,Category default: marketing_ecommerce/banner -> domain=ecommerce. Cross-language translation pair with V165; both kept (Curify serves zh and en).,HIGH
V167,传单,zh,marketing_ecommerce,flyer,任务 Marketing/Ecommerce 场景正面示例词,other_unmapped,print_flyer_marketing,"reference images of print flyer design (offline marketing collateral, not core ecommerce) (print_flyer_marketing)",KEEP,NEAR_DUPLICATE,P084,,Category default: marketing_ecommerce/flyer -> domain=other_unmapped. Cross-language translation pair with V168; both kept (Curify serves zh and en).,HIGH
V168,flyer,en,marketing_ecommerce,flyer,任务 Marketing/Ecommerce 场景正面示例词,other_unmapped,print_flyer_marketing,"reference images of print flyer design (offline marketing collateral, not core ecommerce) (print_flyer_marketing)",KEEP,NEAR_DUPLICATE,P084,,Category default: marketing_ecommerce/flyer -> domain=other_unmapped. Cross-language translation pair with V167; both kept (Curify serves zh and en).,HIGH
V169,画册,zh,marketing_ecommerce,catalog,任务 Marketing/Ecommerce 场景正面示例词,ecommerce,product_catalog,reference images of product catalog design (product_catalog),KEEP,NEAR_DUPLICATE,P085,,Category default: marketing_ecommerce/catalog -> domain=ecommerce. Cross-language translation pair with V170; both kept (Curify serves zh and en).,HIGH
V170,catalog,en,marketing_ecommerce,catalog,任务 Marketing/Ecommerce 场景正面示例词,ecommerce,product_catalog,reference images of product catalog design (product_catalog),KEEP,NEAR_DUPLICATE,P085,,Category default: marketing_ecommerce/catalog -> domain=ecommerce. Cross-language translation pair with V169; both kept (Curify serves zh and en).,HIGH
V171,促销横幅,zh,marketing_ecommerce,banner,任务 Marketing/Ecommerce 场景正面示例词,ecommerce,promo_banner,reference images of online-store/marketing banner design (promo_banner),KEEP,NEAR_DUPLICATE,P086,,Category default: marketing_ecommerce/banner -> domain=ecommerce. Cross-language translation pair with V172; both kept (Curify serves zh and en).,HIGH
V172,sale banner,en,marketing_ecommerce,banner,任务 Marketing/Ecommerce 场景正面示例词,ecommerce,promo_banner,reference images of online-store/marketing banner design (promo_banner),KEEP,NEAR_DUPLICATE,P086,,Category default: marketing_ecommerce/banner -> domain=ecommerce. Cross-language translation pair with V171; both kept (Curify serves zh and en).,HIGH
V173,产品图,zh,marketing_ecommerce,product_photo,任务 Marketing/Ecommerce 场景正面示例词,ecommerce,product_photography,reference images of ecommerce product photography (product_photography),KEEP,NEAR_DUPLICATE,P087,,Category default: marketing_ecommerce/product_photo -> domain=ecommerce. Cross-language translation pair with V174; both kept (Curify serves zh and en).,HIGH
V174,product photo,en,marketing_ecommerce,product_photo,任务 Marketing/Ecommerce 场景正面示例词,ecommerce,product_photography,reference images of ecommerce product photography (product_photography),KEEP,NEAR_DUPLICATE,P087,,Category default: marketing_ecommerce/product_photo -> domain=ecommerce. Cross-language translation pair with V173; both kept (Curify serves zh and en).,HIGH
V175,促销活动,zh,marketing_ecommerce,promotion,任务 Marketing/Ecommerce 场景正面示例词,ecommerce,campaign_generic,abstract promotional-campaign concept; unclear single visual target (campaign_generic),REVIEW,NEAR_DUPLICATE,P088,,"促销活动/'promotion' is an abstract campaign concept, not a single concrete visual target (violates the source bank's own 'clear visual target' inclusion rule) -- needs human judgment on whether to keep, narrow, or drop.",LOW
V176,promotion,en,marketing_ecommerce,promotion,任务 Marketing/Ecommerce 场景正面示例词,ecommerce,campaign_generic,abstract promotional-campaign concept; unclear single visual target (campaign_generic),REVIEW,NEAR_DUPLICATE,P088,,"'promotion' is an abstract campaign concept, not a single concrete visual target -- needs human judgment on whether to keep, narrow, or drop.",LOW
V177,广告,zh,marketing_ecommerce,advertisement,任务 Marketing/Ecommerce 场景正面示例词,ecommerce,digital_ad,reference images of advertisement design (digital_ad),REVIEW,NEAR_DUPLICATE,P089,,广告/'advertisement' alone is generic/ambiguous (could be any ad format across any medium) -- needs human judgment; contrast with the specific 'social media ad' (V213) which is fine as-is.,LOW
V178,advertisement,en,marketing_ecommerce,advertisement,任务 Marketing/Ecommerce 场景正面示例词,ecommerce,digital_ad,reference images of advertisement design (digital_ad),REVIEW,NEAR_DUPLICATE,P089,,'advertisement' alone is generic/ambiguous across ad formats/media -- needs human judgment; contrast with specific 'social media ad' (V214).,LOW
V179,社交媒体帖子,zh,marketing_ecommerce,social_post,任务 Marketing/Ecommerce 场景正面示例词,ecommerce,social_commerce_content,reference images of social/ecommerce content post design (social_commerce_content),KEEP,NEAR_DUPLICATE,P090,,Category default: marketing_ecommerce/social_post -> domain=ecommerce. Cross-language translation pair with V180; both kept (Curify serves zh and en).,HIGH
V180,social media post,en,marketing_ecommerce,social_post,任务 Marketing/Ecommerce 场景正面示例词,ecommerce,social_commerce_content,reference images of social/ecommerce content post design (social_commerce_content),KEEP,NEAR_DUPLICATE,P090,,Category default: marketing_ecommerce/social_post -> domain=ecommerce. Cross-language translation pair with V179; both kept (Curify serves zh and en).,HIGH
V181,产品展示,zh,marketing_ecommerce,product_display,任务 Marketing/Ecommerce 场景正面示例词,ecommerce,retail_display,reference images of product display design (retail_display),KEEP,NEAR_DUPLICATE,P091,,Category default: marketing_ecommerce/product_display -> domain=ecommerce. Cross-language translation pair with V182; both kept (Curify serves zh and en).,HIGH
V182,product display,en,marketing_ecommerce,product_display,任务 Marketing/Ecommerce 场景正面示例词,ecommerce,retail_display,reference images of product display design (retail_display),KEEP,NEAR_DUPLICATE,P091,,Category default: marketing_ecommerce/product_display -> domain=ecommerce. Cross-language translation pair with V181; both kept (Curify serves zh and en).,HIGH
V183,餐厅传单,zh,marketing_ecommerce,flyer,任务在核心原则中明确列出的正面示例（restaurant flyer）,other_unmapped,print_flyer_marketing,"reference images of print flyer design (offline marketing collateral, not core ecommerce) (print_flyer_marketing)",KEEP,NEAR_DUPLICATE,P092,,Category default: marketing_ecommerce/flyer -> domain=other_unmapped. Cross-language translation pair with V184; both kept (Curify serves zh and en).,HIGH
V184,restaurant flyer,en,marketing_ecommerce,flyer,任务在核心原则中明确列出的正面示例（restaurant flyer）,other_unmapped,print_flyer_marketing,"reference images of print flyer design (offline marketing collateral, not core ecommerce) (print_flyer_marketing)",KEEP,NEAR_DUPLICATE,P092,,Category default: marketing_ecommerce/flyer -> domain=other_unmapped. Cross-language translation pair with V183; both kept (Curify serves zh and en).,HIGH
V185,电影海报,zh,marketing_ecommerce,poster_specific,任务在核心原则中明确列出的正面示例（movie poster）,other_unmapped,entertainment_poster,reference images of promotional/sale poster design (entertainment_poster),KEEP,NEAR_DUPLICATE,P093,,Category default: marketing_ecommerce/poster_specific -> domain=other_unmapped. Cross-language translation pair with V186; both kept (Curify serves zh and en).,HIGH
V186,movie poster,en,marketing_ecommerce,poster_specific,任务在核心原则中明确列出的正面示例（movie poster）,other_unmapped,entertainment_poster,reference images of promotional/sale poster design (entertainment_poster),KEEP,NEAR_DUPLICATE,P093,,Category default: marketing_ecommerce/poster_specific -> domain=other_unmapped. Cross-language translation pair with V185; both kept (Curify serves zh and en).,HIGH
V187,产品横幅,zh,marketing_ecommerce,banner,任务在核心原则中明确列出的正面示例（product banner）,ecommerce,product_banner,reference images of online-store/marketing banner design (product_banner),KEEP,NEAR_DUPLICATE,P094,,Category default: marketing_ecommerce/banner -> domain=ecommerce. Cross-language translation pair with V188; both kept (Curify serves zh and en).,HIGH
V188,product banner,en,marketing_ecommerce,banner,任务在核心原则中明确列出的正面示例（product banner）,ecommerce,product_banner,reference images of online-store/marketing banner design (product_banner),KEEP,NEAR_DUPLICATE,P094,,Category default: marketing_ecommerce/banner -> domain=ecommerce. Cross-language translation pair with V187; both kept (Curify serves zh and en).,HIGH
V189,促销海报,zh,marketing_ecommerce,poster_specific,任务在核心原则中明确列出的正面示例（sale poster）,ecommerce,promo_poster,reference images of promotional/sale poster design (promo_poster),KEEP,NEAR_DUPLICATE,P095,,Category default: marketing_ecommerce/poster_specific -> domain=ecommerce. Cross-language translation pair with V190; both kept (Curify serves zh and en).,HIGH
V190,sale poster,en,marketing_ecommerce,poster_specific,任务在核心原则中明确列出的正面示例（sale poster）,ecommerce,promo_poster,reference images of promotional/sale poster design (promo_poster),KEEP,NEAR_DUPLICATE,P095,,Category default: marketing_ecommerce/poster_specific -> domain=ecommerce. Cross-language translation pair with V189; both kept (Curify serves zh and en).,HIGH
V191,折扣传单,zh,marketing_ecommerce,flyer,具体营销物料，视觉目标清晰,other_unmapped,print_flyer_marketing,"reference images of print flyer design (offline marketing collateral, not core ecommerce) (print_flyer_marketing)",KEEP,NEAR_DUPLICATE,P096,,Category default: marketing_ecommerce/flyer -> domain=other_unmapped. Cross-language translation pair with V192; both kept (Curify serves zh and en).,HIGH
V192,discount flyer,en,marketing_ecommerce,flyer,具体营销物料，视觉目标清晰,other_unmapped,print_flyer_marketing,"reference images of print flyer design (offline marketing collateral, not core ecommerce) (print_flyer_marketing)",KEEP,NEAR_DUPLICATE,P096,,Category default: marketing_ecommerce/flyer -> domain=other_unmapped. Cross-language translation pair with V191; both kept (Curify serves zh and en).,HIGH
V193,电商横幅,zh,marketing_ecommerce,banner,具体营销物料，视觉目标清晰,ecommerce,online_store_banner,reference images of online-store/marketing banner design (online_store_banner),KEEP,NEAR_DUPLICATE,SG_ecombanner,,Category default: marketing_ecommerce/banner -> domain=ecommerce. Cross-language translation pair with V194; both kept (Curify serves zh and en).,HIGH
V194,ecommerce banner,en,marketing_ecommerce,banner,具体营销物料，视觉目标清晰,ecommerce,online_store_banner,reference images of online-store/marketing banner design (online_store_banner),KEEP,NEAR_DUPLICATE,SG_ecombanner,,Category default: marketing_ecommerce/banner -> domain=ecommerce. Cross-language translation pair with V193; both kept (Curify serves zh and en).,HIGH
V195,产品画册,zh,marketing_ecommerce,catalog,具体营销物料，视觉目标清晰,ecommerce,product_catalog,reference images of product catalog design (product_catalog),KEEP,NEAR_DUPLICATE,P098,,Category default: marketing_ecommerce/catalog -> domain=ecommerce. Cross-language translation pair with V196; both kept (Curify serves zh and en).,HIGH
V196,product catalog,en,marketing_ecommerce,catalog,具体营销物料，视觉目标清晰,ecommerce,product_catalog,reference images of product catalog design (product_catalog),KEEP,NEAR_DUPLICATE,P098,,Category default: marketing_ecommerce/catalog -> domain=ecommerce. Cross-language translation pair with V195; both kept (Curify serves zh and en).,HIGH
V197,活动传单,zh,marketing_ecommerce,flyer,具体营销物料，视觉目标清晰,other_unmapped,print_flyer_marketing,"reference images of print flyer design (offline marketing collateral, not core ecommerce) (print_flyer_marketing)",KEEP,NEAR_DUPLICATE,P099,,Category default: marketing_ecommerce/flyer -> domain=other_unmapped. Cross-language translation pair with V198; both kept (Curify serves zh and en).,HIGH
V198,event flyer,en,marketing_ecommerce,flyer,具体营销物料，视觉目标清晰,other_unmapped,print_flyer_marketing,"reference images of print flyer design (offline marketing collateral, not core ecommerce) (print_flyer_marketing)",KEEP,NEAR_DUPLICATE,P099,,Category default: marketing_ecommerce/flyer -> domain=other_unmapped. Cross-language translation pair with V197; both kept (Curify serves zh and en).,HIGH
V199,开业横幅,zh,marketing_ecommerce,banner,具体营销物料，视觉目标清晰,ecommerce,event_campaign_banner,reference images of online-store/marketing banner design (event_campaign_banner),KEEP,NEAR_DUPLICATE,P100,,Category default: marketing_ecommerce/banner -> domain=ecommerce. Cross-language translation pair with V200; both kept (Curify serves zh and en).,HIGH
V200,grand opening banner,en,marketing_ecommerce,banner,具体营销物料，视觉目标清晰,ecommerce,event_campaign_banner,reference images of online-store/marketing banner design (event_campaign_banner),KEEP,NEAR_DUPLICATE,P100,,Category default: marketing_ecommerce/banner -> domain=ecommerce. Cross-language translation pair with V199; both kept (Curify serves zh and en).,HIGH
V201,节日促销横幅,zh,marketing_ecommerce,banner,具体营销物料，视觉目标清晰,ecommerce,seasonal_campaign_banner,reference images of online-store/marketing banner design (seasonal_campaign_banner),KEEP,NEAR_DUPLICATE,P101,,Category default: marketing_ecommerce/banner -> domain=ecommerce. Cross-language translation pair with V202; both kept (Curify serves zh and en).,HIGH
V202,holiday sale banner,en,marketing_ecommerce,banner,具体营销物料，视觉目标清晰,ecommerce,seasonal_campaign_banner,reference images of online-store/marketing banner design (seasonal_campaign_banner),KEEP,NEAR_DUPLICATE,P101,,Category default: marketing_ecommerce/banner -> domain=ecommerce. Cross-language translation pair with V201; both kept (Curify serves zh and en).,HIGH
V203,新品横幅,zh,marketing_ecommerce,banner,具体营销物料，视觉目标清晰,ecommerce,product_banner,reference images of online-store/marketing banner design (product_banner),KEEP,NEAR_DUPLICATE,P102,,Category default: marketing_ecommerce/banner -> domain=ecommerce. Cross-language translation pair with V204; both kept (Curify serves zh and en).,HIGH
V204,new arrival banner,en,marketing_ecommerce,banner,具体营销物料，视觉目标清晰,ecommerce,product_banner,reference images of online-store/marketing banner design (product_banner),KEEP,NEAR_DUPLICATE,P102,,Category default: marketing_ecommerce/banner -> domain=ecommerce. Cross-language translation pair with V203; both kept (Curify serves zh and en).,HIGH
V205,限时促销海报,zh,marketing_ecommerce,poster_specific,具体营销物料，视觉目标清晰,ecommerce,promo_poster,reference images of promotional/sale poster design (promo_poster),KEEP,NEAR_DUPLICATE,P103,,Category default: marketing_ecommerce/poster_specific -> domain=ecommerce. Cross-language translation pair with V206; both kept (Curify serves zh and en).,HIGH
V206,flash sale poster,en,marketing_ecommerce,poster_specific,具体营销物料，视觉目标清晰,ecommerce,promo_poster,reference images of promotional/sale poster design (promo_poster),KEEP,NEAR_DUPLICATE,P103,,Category default: marketing_ecommerce/poster_specific -> domain=ecommerce. Cross-language translation pair with V205; both kept (Curify serves zh and en).,HIGH
V207,清仓促销横幅,zh,marketing_ecommerce,banner,具体营销物料，视觉目标清晰,ecommerce,promo_banner,reference images of online-store/marketing banner design (promo_banner),KEEP,NEAR_DUPLICATE,P104,,Category default: marketing_ecommerce/banner -> domain=ecommerce. Cross-language translation pair with V208; both kept (Curify serves zh and en).,HIGH
V208,clearance sale banner,en,marketing_ecommerce,banner,具体营销物料，视觉目标清晰,ecommerce,promo_banner,reference images of online-store/marketing banner design (promo_banner),KEEP,NEAR_DUPLICATE,P104,,Category default: marketing_ecommerce/banner -> domain=ecommerce. Cross-language translation pair with V207; both kept (Curify serves zh and en).,HIGH
V209,产品详情图,zh,marketing_ecommerce,product_photo,具体电商物料，视觉目标清晰,ecommerce,product_photography,reference images of ecommerce product photography (product_photography),KEEP,NEAR_DUPLICATE,P105,,Category default: marketing_ecommerce/product_photo -> domain=ecommerce. Cross-language translation pair with V210; both kept (Curify serves zh and en).,HIGH
V210,product listing image,en,marketing_ecommerce,product_photo,具体电商物料，视觉目标清晰,ecommerce,product_photography,reference images of ecommerce product photography (product_photography),KEEP,NEAR_DUPLICATE,P105,,Category default: marketing_ecommerce/product_photo -> domain=ecommerce. Cross-language translation pair with V209; both kept (Curify serves zh and en).,HIGH
V211,网店横幅,zh,marketing_ecommerce,banner,具体电商物料，视觉目标清晰,ecommerce,online_store_banner,reference images of online-store/marketing banner design (online_store_banner),MERGE,NEAR_DUPLICATE,SG_ecombanner,V193,"网店横幅 (online store banner) is near-identical to 电商横幅 (ecommerce banner, V193) -- same visual target (online storefront banner), redundant as a separate query.",MEDIUM
V212,online store banner,en,marketing_ecommerce,banner,具体电商物料，视觉目标清晰,ecommerce,online_store_banner,reference images of online-store/marketing banner design (online_store_banner),MERGE,NEAR_DUPLICATE,SG_ecombanner,V194,"'online store banner' is near-identical to 'ecommerce banner' (V194) -- same visual target, redundant as a separate query.",MEDIUM
V213,社交媒体广告,zh,marketing_ecommerce,advertisement,具体营销物料，视觉目标清晰,ecommerce,digital_ad,reference images of advertisement design (digital_ad),KEEP,NEAR_DUPLICATE,P107,,Category default: marketing_ecommerce/advertisement -> domain=ecommerce. Cross-language translation pair with V214; both kept (Curify serves zh and en).,HIGH
V214,social media ad,en,marketing_ecommerce,advertisement,具体营销物料，视觉目标清晰,ecommerce,digital_ad,reference images of advertisement design (digital_ad),KEEP,NEAR_DUPLICATE,P107,,Category default: marketing_ecommerce/advertisement -> domain=ecommerce. Cross-language translation pair with V213; both kept (Curify serves zh and en).,HIGH
V215,种草帖,zh,marketing_ecommerce,social_post,具体营销内容，视觉目标清晰,ecommerce,social_commerce_content,reference images of social/ecommerce content post design (social_commerce_content),KEEP,NEAR_DUPLICATE,P108,,Category default: marketing_ecommerce/social_post -> domain=ecommerce. Cross-language translation pair with V216; both kept (Curify serves zh and en).,HIGH
V216,influencer post,en,marketing_ecommerce,social_post,具体营销内容，视觉目标清晰,ecommerce,social_commerce_content,reference images of social/ecommerce content post design (social_commerce_content),KEEP,NEAR_DUPLICATE,P108,,Category default: marketing_ecommerce/social_post -> domain=ecommerce. Cross-language translation pair with V215; both kept (Curify serves zh and en).,HIGH
V217,开箱照,zh,marketing_ecommerce,product_photo,具体电商内容，视觉目标清晰,ecommerce,social_commerce_content,reference images of ecommerce product photography (social_commerce_content),KEEP,NEAR_DUPLICATE,P109,,Category default: marketing_ecommerce/product_photo -> domain=ecommerce. Cross-language translation pair with V218; both kept (Curify serves zh and en).,HIGH
V218,unboxing photo,en,marketing_ecommerce,product_photo,具体电商内容，视觉目标清晰,ecommerce,social_commerce_content,reference images of ecommerce product photography (social_commerce_content),KEEP,NEAR_DUPLICATE,P109,,Category default: marketing_ecommerce/product_photo -> domain=ecommerce. Cross-language translation pair with V217; both kept (Curify serves zh and en).,HIGH
V219,前后对比图,zh,marketing_ecommerce,product_photo,具体营销内容，视觉目标清晰,ecommerce,social_commerce_content,reference images of ecommerce product photography (social_commerce_content),KEEP,NEAR_DUPLICATE,P110,,Category default: marketing_ecommerce/product_photo -> domain=ecommerce. Cross-language translation pair with V220; both kept (Curify serves zh and en).,HIGH
V220,before after comparison,en,marketing_ecommerce,product_photo,具体营销内容，视觉目标清晰,ecommerce,social_commerce_content,reference images of ecommerce product photography (social_commerce_content),KEEP,NEAR_DUPLICATE,P110,,Category default: marketing_ecommerce/product_photo -> domain=ecommerce. Cross-language translation pair with V219; both kept (Curify serves zh and en).,HIGH
V221,优惠券,zh,marketing_ecommerce,coupon,具体营销物料，视觉目标清晰,ecommerce,coupon_voucher,reference images of coupon/voucher design (coupon_voucher),KEEP,NEAR_DUPLICATE,P111,,Category default: marketing_ecommerce/coupon -> domain=ecommerce. Cross-language translation pair with V222; both kept (Curify serves zh and en).,HIGH
V222,discount coupon,en,marketing_ecommerce,coupon,具体营销物料，视觉目标清晰,ecommerce,coupon_voucher,reference images of coupon/voucher design (coupon_voucher),KEEP,NEAR_DUPLICATE,P111,,Category default: marketing_ecommerce/coupon -> domain=ecommerce. Cross-language translation pair with V221; both kept (Curify serves zh and en).,HIGH
V223,会员卡,zh,marketing_ecommerce,membership_card,具体营销物料，视觉目标清晰，有清晰上下文,ecommerce,loyalty_card,reference images of membership/loyalty card design (loyalty_card),KEEP,NEAR_DUPLICATE,SG_loyaltycard,,Category default: marketing_ecommerce/membership_card -> domain=ecommerce. Cross-language translation pair with V224; both kept (Curify serves zh and en).,HIGH
V224,membership card,en,marketing_ecommerce,membership_card,具体营销物料，视觉目标清晰，有清晰上下文,ecommerce,loyalty_card,reference images of membership/loyalty card design (loyalty_card),KEEP,NEAR_DUPLICATE,SG_loyaltycard,,Category default: marketing_ecommerce/membership_card -> domain=ecommerce. Cross-language translation pair with V223; both kept (Curify serves zh and en).,HIGH
V225,积分卡,zh,marketing_ecommerce,membership_card,具体营销物料，视觉目标清晰，有清晰上下文,ecommerce,loyalty_card,reference images of membership/loyalty card design (loyalty_card),MERGE,NEAR_DUPLICATE,SG_loyaltycard,V223,"积分卡 (loyalty card) is a near-synonym of 会员卡 (membership card, V223) -- visually near-identical card-template target, redundant as a separate query.",MEDIUM
V226,loyalty card,en,marketing_ecommerce,membership_card,具体营销物料，视觉目标清晰，有清晰上下文,ecommerce,loyalty_card,reference images of membership/loyalty card design (loyalty_card),MERGE,NEAR_DUPLICATE,SG_loyaltycard,V224,"'loyalty card' is a near-synonym of 'membership card' (V224) -- visually near-identical target, redundant as a separate query.",MEDIUM
V227,礼品卡,zh,marketing_ecommerce,membership_card,具体营销物料，视觉目标清晰，有清晰上下文,ecommerce,gift_card,reference images of membership/loyalty card design (gift_card),KEEP,NEAR_DUPLICATE,P114,,Category default: marketing_ecommerce/membership_card -> domain=ecommerce. Cross-language translation pair with V228; both kept (Curify serves zh and en).,HIGH
V228,gift card,en,marketing_ecommerce,membership_card,具体营销物料，视觉目标清晰，有清晰上下文,ecommerce,gift_card,reference images of membership/loyalty card design (gift_card),KEEP,NEAR_DUPLICATE,P114,,Category default: marketing_ecommerce/membership_card -> domain=ecommerce. Cross-language translation pair with V227; both kept (Curify serves zh and en).,HIGH
V229,门店横幅,zh,marketing_ecommerce,banner,具体营销物料，视觉目标清晰,ecommerce,physical_storefront_banner,reference images of online-store/marketing banner design (physical_storefront_banner),KEEP,NEAR_DUPLICATE,P115,,Category default: marketing_ecommerce/banner -> domain=ecommerce. Cross-language translation pair with V230; both kept (Curify serves zh and en).,HIGH
V230,storefront banner,en,marketing_ecommerce,banner,具体营销物料，视觉目标清晰,ecommerce,physical_storefront_banner,reference images of online-store/marketing banner design (physical_storefront_banner),KEEP,NEAR_DUPLICATE,P115,,Category default: marketing_ecommerce/banner -> domain=ecommerce. Cross-language translation pair with V229; both kept (Curify serves zh and en).,HIGH
V231,橱窗展示,zh,marketing_ecommerce,product_display,具体营销物料，视觉目标清晰,other_unmapped,offline_retail_display,reference images of product display design (offline_retail_display),KEEP,NEAR_DUPLICATE,P116,,Category default: marketing_ecommerce/product_display -> domain=other_unmapped. Cross-language translation pair with V232; both kept (Curify serves zh and en).,HIGH
V232,window display,en,marketing_ecommerce,product_display,具体营销物料，视觉目标清晰,other_unmapped,offline_retail_display,reference images of product display design (offline_retail_display),KEEP,NEAR_DUPLICATE,P116,,Category default: marketing_ecommerce/product_display -> domain=other_unmapped. Cross-language translation pair with V231; both kept (Curify serves zh and en).,HIGH
V233,展会展架,zh,marketing_ecommerce,banner,具体营销物料，视觉目标清晰,other_unmapped,event_exhibition_signage,reference images of online-store/marketing banner design (event_exhibition_signage),KEEP,NEAR_DUPLICATE,P117,,Category default: marketing_ecommerce/banner -> domain=other_unmapped. Cross-language translation pair with V234; both kept (Curify serves zh and en).,HIGH
V234,trade show banner,en,marketing_ecommerce,banner,具体营销物料，视觉目标清晰,other_unmapped,event_exhibition_signage,reference images of online-store/marketing banner design (event_exhibition_signage),KEEP,NEAR_DUPLICATE,P117,,Category default: marketing_ecommerce/banner -> domain=other_unmapped. Cross-language translation pair with V233; both kept (Curify serves zh and en).,HIGH
V235,展览传单,zh,marketing_ecommerce,flyer,具体营销物料，视觉目标清晰,other_unmapped,print_flyer_marketing,"reference images of print flyer design (offline marketing collateral, not core ecommerce) (print_flyer_marketing)",KEEP,NEAR_DUPLICATE,P118,,Category default: marketing_ecommerce/flyer -> domain=other_unmapped. Cross-language translation pair with V236; both kept (Curify serves zh and en).,HIGH
V236,exhibition flyer,en,marketing_ecommerce,flyer,具体营销物料，视觉目标清晰,other_unmapped,print_flyer_marketing,"reference images of print flyer design (offline marketing collateral, not core ecommerce) (print_flyer_marketing)",KEEP,NEAR_DUPLICATE,P118,,Category default: marketing_ecommerce/flyer -> domain=other_unmapped. Cross-language translation pair with V235; both kept (Curify serves zh and en).,HIGH
V237,新品发布海报,zh,marketing_ecommerce,poster_specific,具体营销物料，视觉目标清晰,ecommerce,promo_poster,reference images of promotional/sale poster design (promo_poster),KEEP,NEAR_DUPLICATE,P119,,Category default: marketing_ecommerce/poster_specific -> domain=ecommerce. Cross-language translation pair with V238; both kept (Curify serves zh and en).,HIGH
V238,product launch poster,en,marketing_ecommerce,poster_specific,具体营销物料，视觉目标清晰,ecommerce,promo_poster,reference images of promotional/sale poster design (promo_poster),KEEP,NEAR_DUPLICATE,P119,,Category default: marketing_ecommerce/poster_specific -> domain=ecommerce. Cross-language translation pair with V237; both kept (Curify serves zh and en).,HIGH
V239,季节促销横幅,zh,marketing_ecommerce,banner,具体营销物料，视觉目标清晰,ecommerce,seasonal_campaign_banner,reference images of online-store/marketing banner design (seasonal_campaign_banner),KEEP,NEAR_DUPLICATE,P120,,Category default: marketing_ecommerce/banner -> domain=ecommerce. Cross-language translation pair with V240; both kept (Curify serves zh and en).,HIGH
V240,seasonal sale banner,en,marketing_ecommerce,banner,具体营销物料，视觉目标清晰,ecommerce,seasonal_campaign_banner,reference images of online-store/marketing banner design (seasonal_campaign_banner),KEEP,NEAR_DUPLICATE,P120,,Category default: marketing_ecommerce/banner -> domain=ecommerce. Cross-language translation pair with V239; both kept (Curify serves zh and en).,HIGH
V241,黑五促销横幅,zh,marketing_ecommerce,banner,具体营销物料，视觉目标清晰,ecommerce,seasonal_campaign_banner,reference images of online-store/marketing banner design (seasonal_campaign_banner),KEEP,NEAR_DUPLICATE,P121,,Category default: marketing_ecommerce/banner -> domain=ecommerce. Cross-language translation pair with V242; both kept (Curify serves zh and en).,HIGH
V242,black friday banner,en,marketing_ecommerce,banner,具体营销物料，视觉目标清晰,ecommerce,seasonal_campaign_banner,reference images of online-store/marketing banner design (seasonal_campaign_banner),KEEP,NEAR_DUPLICATE,P121,,Category default: marketing_ecommerce/banner -> domain=ecommerce. Cross-language translation pair with V241; both kept (Curify serves zh and en).,HIGH
V243,双十一促销海报,zh,marketing_ecommerce,poster_specific,具体营销物料，视觉目标清晰,ecommerce,promo_poster,reference images of promotional/sale poster design (promo_poster),KEEP,NEAR_DUPLICATE,P122,,Category default: marketing_ecommerce/poster_specific -> domain=ecommerce. Cross-language translation pair with V244; both kept (Curify serves zh and en).,HIGH
V244,singles day sale poster,en,marketing_ecommerce,poster_specific,具体营销物料，视觉目标清晰,ecommerce,promo_poster,reference images of promotional/sale poster design (promo_poster),KEEP,NEAR_DUPLICATE,P122,,Category default: marketing_ecommerce/poster_specific -> domain=ecommerce. Cross-language translation pair with V243; both kept (Curify serves zh and en).,HIGH
V245,直播预告横幅,zh,marketing_ecommerce,banner,具体电商营销物料，视觉目标清晰,ecommerce,livestream_social_commerce_banner,reference images of online-store/marketing banner design (livestream_social_commerce_banner),KEEP,NEAR_DUPLICATE,P123,,Category default: marketing_ecommerce/banner -> domain=ecommerce. Cross-language translation pair with V246; both kept (Curify serves zh and en).,HIGH
V246,livestream promo banner,en,marketing_ecommerce,banner,具体电商营销物料，视觉目标清晰,ecommerce,livestream_social_commerce_banner,reference images of online-store/marketing banner design (livestream_social_commerce_banner),KEEP,NEAR_DUPLICATE,P123,,Category default: marketing_ecommerce/banner -> domain=ecommerce. Cross-language translation pair with V245; both kept (Curify serves zh and en).,HIGH
V247,识字卡,zh,education,flashcard,任务 Education 场景正面示例词,education,flashcard_generic,reference images of educational flashcards (flashcard_generic),KEEP,NEAR_DUPLICATE,P124,,Category default: education/flashcard -> domain=education. Cross-language translation pair with V248; both kept (Curify serves zh and en).,HIGH
V248,flashcard,en,education,flashcard,任务 Education 场景正面示例词,education,flashcard_generic,reference images of educational flashcards (flashcard_generic),KEEP,NEAR_DUPLICATE,P124,,Category default: education/flashcard -> domain=education. Cross-language translation pair with V247; both kept (Curify serves zh and en).,HIGH
V249,练习册,zh,education,worksheet,任务 Education 场景正面示例词,education,worksheet_generic,reference images of educational worksheets (worksheet_generic),KEEP,NEAR_DUPLICATE,P125,,Category default: education/worksheet -> domain=education. Cross-language translation pair with V250; both kept (Curify serves zh and en).,HIGH
V250,worksheet,en,education,worksheet,任务 Education 场景正面示例词,education,worksheet_generic,reference images of educational worksheets (worksheet_generic),KEEP,NEAR_DUPLICATE,P125,,Category default: education/worksheet -> domain=education. Cross-language translation pair with V249; both kept (Curify serves zh and en).,HIGH
V251,字母卡,zh,education,flashcard,任务 Education 场景正面示例词,education,flashcard_alphabet,reference images of educational flashcards (flashcard_alphabet),KEEP,NEAR_DUPLICATE,P126,,Category default: education/flashcard -> domain=education. Cross-language translation pair with V252; both kept (Curify serves zh and en).,HIGH
V252,alphabet card,en,education,flashcard,任务 Education 场景正面示例词,education,flashcard_alphabet,reference images of educational flashcards (flashcard_alphabet),KEEP,NEAR_DUPLICATE,P126,,Category default: education/flashcard -> domain=education. Cross-language translation pair with V251; both kept (Curify serves zh and en).,HIGH
V253,地图,zh,education,map,任务 Education 场景正面示例词,education,map_generic,reference images of educational maps (map_generic),KEEP,NEAR_DUPLICATE,P127,,Category default: education/map -> domain=education. Cross-language translation pair with V254; both kept (Curify serves zh and en).,HIGH
V254,map,en,education,map,任务 Education 场景正面示例词,education,map_generic,reference images of educational maps (map_generic),KEEP,NEAR_DUPLICATE,P127,,Category default: education/map -> domain=education. Cross-language translation pair with V253; both kept (Curify serves zh and en).,HIGH
V255,图解,zh,education,diagram,任务 Education 场景正面示例词,education,diagram_generic,reference images of educational diagrams (diagram_generic),KEEP,NEAR_DUPLICATE,P128,,Category default: education/diagram -> domain=education. Cross-language translation pair with V256; both kept (Curify serves zh and en).,HIGH
V256,diagram,en,education,diagram,任务 Education 场景正面示例词,education,diagram_generic,reference images of educational diagrams (diagram_generic),KEEP,NEAR_DUPLICATE,P128,,Category default: education/diagram -> domain=education. Cross-language translation pair with V255; both kept (Curify serves zh and en).,HIGH
V257,日历,zh,education,calendar,任务 Education 场景正面示例词,education,calendar_generic,reference images of educational/school calendars (calendar_generic),KEEP,NEAR_DUPLICATE,P129,,Category default: education/calendar -> domain=education. Cross-language translation pair with V258; both kept (Curify serves zh and en).,HIGH
V258,calendar,en,education,calendar,任务 Education 场景正面示例词,education,calendar_generic,reference images of educational/school calendars (calendar_generic),KEEP,NEAR_DUPLICATE,P129,,Category default: education/calendar -> domain=education. Cross-language translation pair with V257; both kept (Curify serves zh and en).,HIGH
V259,证书,zh,education,certificate,任务 Education 场景正面示例词,education,certificate_generic,reference images of certificate/report-card design (certificate_generic),KEEP,NEAR_DUPLICATE,P130,,Category default: education/certificate -> domain=education. Cross-language translation pair with V260; both kept (Curify serves zh and en).,HIGH
V260,certificate,en,education,certificate,任务 Education 场景正面示例词,education,certificate_generic,reference images of certificate/report-card design (certificate_generic),KEEP,NEAR_DUPLICATE,P130,,Category default: education/certificate -> domain=education. Cross-language translation pair with V259; both kept (Curify serves zh and en).,HIGH
V261,科学海报,zh,education,poster_specific,任务 Education 场景正面示例词,education,poster_science,reference images of classroom/educational poster design (poster_science),KEEP,NEAR_DUPLICATE,P131,,Category default: education/poster_specific -> domain=education. Cross-language translation pair with V262; both kept (Curify serves zh and en).,HIGH
V262,science poster,en,education,poster_specific,任务 Education 场景正面示例词,education,poster_science,reference images of classroom/educational poster design (poster_science),KEEP,NEAR_DUPLICATE,P131,,Category default: education/poster_specific -> domain=education. Cross-language translation pair with V261; both kept (Curify serves zh and en).,HIGH
V263,课堂装饰海报,zh,education,poster_specific,任务提及的 classroom material，替换为更具体的 classroom poster 组合表达,education,poster_classroom,reference images of classroom/educational poster design (poster_classroom),KEEP,NEAR_DUPLICATE,P132,,Category default: education/poster_specific -> domain=education. Cross-language translation pair with V264; both kept (Curify serves zh and en).,HIGH
V264,classroom poster,en,education,poster_specific,任务提及的 classroom material，替换为更具体的 classroom poster 组合表达,education,poster_classroom,reference images of classroom/educational poster design (poster_classroom),KEEP,NEAR_DUPLICATE,P132,,Category default: education/poster_specific -> domain=education. Cross-language translation pair with V263; both kept (Curify serves zh and en).,HIGH
V265,教科书,zh,education,textbook,具体学习物料实物，视觉目标清晰,education,textbook,reference images of textbook cover/layout design (textbook),KEEP,NEAR_DUPLICATE,P133,,Category default: education/textbook -> domain=education. Cross-language translation pair with V266; both kept (Curify serves zh and en).,HIGH
V266,textbook,en,education,textbook,具体学习物料实物，视觉目标清晰,education,textbook,reference images of textbook cover/layout design (textbook),KEEP,NEAR_DUPLICATE,P133,,Category default: education/textbook -> domain=education. Cross-language translation pair with V265; both kept (Curify serves zh and en).,HIGH
V267,地球仪,zh,education,globe,具体学习物料实物，视觉目标清晰,education,globe,reference images of globes as educational material (globe),KEEP,NEAR_DUPLICATE,P134,,Category default: education/globe -> domain=education. Cross-language translation pair with V268; both kept (Curify serves zh and en).,HIGH
V268,globe,en,education,globe,具体学习物料实物，视觉目标清晰,education,globe,reference images of globes as educational material (globe),KEEP,NEAR_DUPLICATE,P134,,Category default: education/globe -> domain=education. Cross-language translation pair with V267; both kept (Curify serves zh and en).,HIGH
V269,图表,zh,education,chart,具体学习物料实物，视觉目标清晰,education,chart_generic,reference images of educational charts (chart_generic),KEEP,SEMANTIC_OVERLAP,SG_chart,,Category default: education/chart -> domain=education. Cross-language translation pair with V270; both kept (Curify serves zh and en).,MEDIUM
V270,chart,en,education,chart,具体学习物料实物，视觉目标清晰,education,chart_generic,reference images of educational charts (chart_generic),KEEP,SEMANTIC_OVERLAP,SG_chart,,Category default: education/chart -> domain=education. Cross-language translation pair with V269; both kept (Curify serves zh and en).,MEDIUM
V271,课程表,zh,education,chart,具体学习物料实物，视觉目标清晰,education,chart_timetable,reference images of educational charts (chart_timetable),KEEP,NEAR_DUPLICATE,P136,,Category default: education/chart -> domain=education. Cross-language translation pair with V272; both kept (Curify serves zh and en).,HIGH
V272,timetable,en,education,chart,具体学习物料实物，视觉目标清晰,education,chart_timetable,reference images of educational charts (chart_timetable),KEEP,NEAR_DUPLICATE,P136,,Category default: education/chart -> domain=education. Cross-language translation pair with V271; both kept (Curify serves zh and en).,HIGH
V273,数字表,zh,education,chart,具体学习物料实物，视觉目标清晰,education,chart_number,reference images of educational charts (chart_number),KEEP,NEAR_DUPLICATE,P137,,Category default: education/chart -> domain=education. Cross-language translation pair with V274; both kept (Curify serves zh and en).,HIGH
V274,number chart,en,education,chart,具体学习物料实物，视觉目标清晰,education,chart_number,reference images of educational charts (chart_number),KEEP,NEAR_DUPLICATE,P137,,Category default: education/chart -> domain=education. Cross-language translation pair with V273; both kept (Curify serves zh and en).,HIGH
V275,元素周期表,zh,education,chart,具体学习物料实物，视觉目标清晰,education,chart_periodic_table,reference images of educational charts (chart_periodic_table),KEEP,NEAR_DUPLICATE,P138,,Category default: education/chart -> domain=education. Cross-language translation pair with V276; both kept (Curify serves zh and en).,HIGH
V276,periodic table,en,education,chart,具体学习物料实物，视觉目标清晰,education,chart_periodic_table,reference images of educational charts (chart_periodic_table),KEEP,NEAR_DUPLICATE,P138,,Category default: education/chart -> domain=education. Cross-language translation pair with V275; both kept (Curify serves zh and en).,HIGH
V277,世界地图,zh,education,map,具体学习物料实物，视觉目标清晰,education,map_world,reference images of educational maps (map_world),KEEP,NEAR_DUPLICATE,P139,,Category default: education/map -> domain=education. Cross-language translation pair with V278; both kept (Curify serves zh and en).,HIGH
V278,world map,en,education,map,具体学习物料实物，视觉目标清晰,education,map_world,reference images of educational maps (map_world),KEEP,NEAR_DUPLICATE,P139,,Category default: education/map -> domain=education. Cross-language translation pair with V277; both kept (Curify serves zh and en).,HIGH
V279,拼读卡,zh,education,flashcard,具体学习物料实物，视觉目标清晰,education,flashcard_phonics,reference images of educational flashcards (flashcard_phonics),KEEP,NEAR_DUPLICATE,P140,,Category default: education/flashcard -> domain=education. Cross-language translation pair with V280; both kept (Curify serves zh and en).,HIGH
V280,phonics card,en,education,flashcard,具体学习物料实物，视觉目标清晰,education,flashcard_phonics,reference images of educational flashcards (flashcard_phonics),KEEP,NEAR_DUPLICATE,P140,,Category default: education/flashcard -> domain=education. Cross-language translation pair with V279; both kept (Curify serves zh and en).,HIGH
V281,试卷,zh,education,worksheet,具体学习物料实物，视觉目标清晰,education,worksheet_exam,reference images of educational worksheets (worksheet_exam),KEEP,NEAR_DUPLICATE,P141,,Category default: education/worksheet -> domain=education. Cross-language translation pair with V282; both kept (Curify serves zh and en).,HIGH
V282,exam paper,en,education,worksheet,具体学习物料实物，视觉目标清晰,education,worksheet_exam,reference images of educational worksheets (worksheet_exam),KEEP,NEAR_DUPLICATE,P141,,Category default: education/worksheet -> domain=education. Cross-language translation pair with V281; both kept (Curify serves zh and en).,HIGH
V283,成绩单,zh,education,certificate,具体学习物料实物，有清晰上下文的合成词,education,certificate_reportcard,reference images of certificate/report-card design (certificate_reportcard),KEEP,NEAR_DUPLICATE,P142,,Category default: education/certificate -> domain=education. Cross-language translation pair with V284; both kept (Curify serves zh and en).,HIGH
V284,report card,en,education,certificate,具体学习物料实物，有清晰上下文的合成词,education,certificate_reportcard,reference images of certificate/report-card design (certificate_reportcard),KEEP,NEAR_DUPLICATE,P142,,Category default: education/certificate -> domain=education. Cross-language translation pair with V283; both kept (Curify serves zh and en).,HIGH
V285,笔袋,zh,education,stationery,具体文具实物，视觉目标清晰,education,school_supplies,reference images of school stationery supplies (school_supplies),KEEP,NEAR_DUPLICATE,P143,,Category default: education/stationery -> domain=education. Cross-language translation pair with V286; both kept (Curify serves zh and en).,HIGH
V286,pencil case,en,education,stationery,具体文具实物，视觉目标清晰,education,school_supplies,reference images of school stationery supplies (school_supplies),KEEP,NEAR_DUPLICATE,P143,,Category default: education/stationery -> domain=education. Cross-language translation pair with V285; both kept (Curify serves zh and en).,HIGH
V287,黑板,zh,education,classroom_material,具体教室实物，视觉目标清晰,education,classroom_equipment,reference images of classroom equipment/materials (classroom_equipment),KEEP,NEAR_DUPLICATE,P144,,Category default: education/classroom_material -> domain=education. Cross-language translation pair with V288; both kept (Curify serves zh and en).,HIGH
V288,chalkboard,en,education,classroom_material,具体教室实物，视觉目标清晰,education,classroom_equipment,reference images of classroom equipment/materials (classroom_equipment),KEEP,NEAR_DUPLICATE,P144,,Category default: education/classroom_material -> domain=education. Cross-language translation pair with V287; both kept (Curify serves zh and en).,HIGH
V289,白板,zh,education,classroom_material,具体教室实物，视觉目标清晰,education,classroom_equipment,reference images of classroom equipment/materials (classroom_equipment),KEEP,NEAR_DUPLICATE,P145,,Category default: education/classroom_material -> domain=education. Cross-language translation pair with V290; both kept (Curify serves zh and en).,HIGH
V290,whiteboard,en,education,classroom_material,具体教室实物，视觉目标清晰,education,classroom_equipment,reference images of classroom equipment/materials (classroom_equipment),KEEP,NEAR_DUPLICATE,P145,,Category default: education/classroom_material -> domain=education. Cross-language translation pair with V289; both kept (Curify serves zh and en).,HIGH
V291,显微镜,zh,education,classroom_material,具体教室实物，视觉目标清晰,education,classroom_equipment,reference images of classroom equipment/materials (classroom_equipment),KEEP,NEAR_DUPLICATE,P146,,Category default: education/classroom_material -> domain=education. Cross-language translation pair with V292; both kept (Curify serves zh and en).,HIGH
V292,microscope,en,education,classroom_material,具体教室实物，视觉目标清晰,education,classroom_equipment,reference images of classroom equipment/materials (classroom_equipment),KEEP,NEAR_DUPLICATE,P146,,Category default: education/classroom_material -> domain=education. Cross-language translation pair with V291; both kept (Curify serves zh and en).,HIGH
V293,书签,zh,education,stationery,具体文具实物，视觉目标清晰,education,school_supplies,reference images of school stationery supplies (school_supplies),KEEP,NEAR_DUPLICATE,P147,,Category default: education/stationery -> domain=education. Cross-language translation pair with V294; both kept (Curify serves zh and en).,HIGH
V294,bookmark,en,education,stationery,具体文具实物，视觉目标清晰,education,school_supplies,reference images of school stationery supplies (school_supplies),KEEP,NEAR_DUPLICATE,P147,,Category default: education/stationery -> domain=education. Cross-language translation pair with V293; both kept (Curify serves zh and en).,HIGH
V295,算盘,zh,education,classroom_material,具体教具实物，视觉目标清晰,education,classroom_equipment,reference images of classroom equipment/materials (classroom_equipment),KEEP,NEAR_DUPLICATE,P148,,Category default: education/classroom_material -> domain=education. Cross-language translation pair with V296; both kept (Curify serves zh and en).,HIGH
V296,abacus,en,education,classroom_material,具体教具实物，视觉目标清晰,education,classroom_equipment,reference images of classroom equipment/materials (classroom_equipment),KEEP,NEAR_DUPLICATE,P148,,Category default: education/classroom_material -> domain=education. Cross-language translation pair with V295; both kept (Curify serves zh and en).,HIGH
V297,练习本,zh,education,worksheet,具体学习物料实物，视觉目标清晰,education,worksheet_workbook,reference images of educational worksheets (worksheet_workbook),KEEP,NEAR_DUPLICATE,P149,,Category default: education/worksheet -> domain=education. Cross-language translation pair with V298; both kept (Curify serves zh and en).,HIGH
V298,workbook,en,education,worksheet,具体学习物料实物，视觉目标清晰,education,worksheet_workbook,reference images of educational worksheets (worksheet_workbook),KEEP,NEAR_DUPLICATE,P149,,Category default: education/worksheet -> domain=education. Cross-language translation pair with V297; both kept (Curify serves zh and en).,HIGH
V299,单词卡,zh,education,flashcard,具体学习物料实物，视觉目标清晰,education,flashcard_vocab,reference images of educational flashcards (flashcard_vocab),KEEP,NEAR_DUPLICATE,P150,,Category default: education/flashcard -> domain=education. Cross-language translation pair with V300; both kept (Curify serves zh and en).,HIGH
V300,vocabulary card,en,education,flashcard,具体学习物料实物，视觉目标清晰,education,flashcard_vocab,reference images of educational flashcards (flashcard_vocab),KEEP,NEAR_DUPLICATE,P150,,Category default: education/flashcard -> domain=education. Cross-language translation pair with V299; both kept (Curify serves zh and en).,HIGH
V301,拼写卡,zh,education,flashcard,具体学习物料实物，视觉目标清晰,education,flashcard_spelling,reference images of educational flashcards (flashcard_spelling),KEEP,NEAR_DUPLICATE,P151,,Category default: education/flashcard -> domain=education. Cross-language translation pair with V302; both kept (Curify serves zh and en).,HIGH
V302,spelling card,en,education,flashcard,具体学习物料实物，视觉目标清晰,education,flashcard_spelling,reference images of educational flashcards (flashcard_spelling),KEEP,NEAR_DUPLICATE,P151,,Category default: education/flashcard -> domain=education. Cross-language translation pair with V301; both kept (Curify serves zh and en).,HIGH
V303,数学练习册,zh,education,worksheet,具体学习物料实物，视觉目标清晰,education,worksheet_subject_math,reference images of educational worksheets (worksheet_subject_math),KEEP,NEAR_DUPLICATE,P152,,Category default: education/worksheet -> domain=education. Cross-language translation pair with V304; both kept (Curify serves zh and en).,HIGH
V304,math worksheet,en,education,worksheet,具体学习物料实物，视觉目标清晰,education,worksheet_subject_math,reference images of educational worksheets (worksheet_subject_math),KEEP,NEAR_DUPLICATE,P152,,Category default: education/worksheet -> domain=education. Cross-language translation pair with V303; both kept (Curify serves zh and en).,HIGH
V305,阅读练习册,zh,education,worksheet,具体学习物料实物，视觉目标清晰,education,worksheet_subject_reading,reference images of educational worksheets (worksheet_subject_reading),KEEP,NEAR_DUPLICATE,P153,,Category default: education/worksheet -> domain=education. Cross-language translation pair with V306; both kept (Curify serves zh and en).,HIGH
V306,reading worksheet,en,education,worksheet,具体学习物料实物，视觉目标清晰,education,worksheet_subject_reading,reference images of educational worksheets (worksheet_subject_reading),KEEP,NEAR_DUPLICATE,P153,,Category default: education/worksheet -> domain=education. Cross-language translation pair with V305; both kept (Curify serves zh and en).,HIGH
V307,科学图解,zh,education,diagram,具体学习物料实物，视觉目标清晰,education,diagram_science,reference images of educational diagrams (diagram_science),KEEP,NEAR_DUPLICATE,P154,,Category default: education/diagram -> domain=education. Cross-language translation pair with V308; both kept (Curify serves zh and en).,HIGH
V308,science diagram,en,education,diagram,具体学习物料实物，视觉目标清晰,education,diagram_science,reference images of educational diagrams (diagram_science),KEEP,NEAR_DUPLICATE,P154,,Category default: education/diagram -> domain=education. Cross-language translation pair with V307; both kept (Curify serves zh and en).,HIGH
V309,人体图解,zh,education,chart,具体学习物料实物，视觉目标清晰,education,chart_anatomy,reference images of educational charts (chart_anatomy),KEEP,NEAR_DUPLICATE,P155,,Category default: education/chart -> domain=education. Cross-language translation pair with V310; both kept (Curify serves zh and en).,HIGH
V310,anatomy chart,en,education,chart,具体学习物料实物，视觉目标清晰,education,chart_anatomy,reference images of educational charts (chart_anatomy),KEEP,NEAR_DUPLICATE,P155,,Category default: education/chart -> domain=education. Cross-language translation pair with V309; both kept (Curify serves zh and en).,HIGH
V311,动物识字卡,zh,education,flashcard,具体学习物料实物，视觉目标清晰,education,flashcard_animal,reference images of educational flashcards (flashcard_animal),KEEP,NEAR_DUPLICATE,P156,,Category default: education/flashcard -> domain=education. Cross-language translation pair with V312; both kept (Curify serves zh and en).,HIGH
V312,animal flashcard,en,education,flashcard,具体学习物料实物，视觉目标清晰,education,flashcard_animal,reference images of educational flashcards (flashcard_animal),KEEP,NEAR_DUPLICATE,P156,,Category default: education/flashcard -> domain=education. Cross-language translation pair with V311; both kept (Curify serves zh and en).,HIGH
V313,字母海报,zh,education,poster_specific,具体学习物料实物，视觉目标清晰,education,poster_alphabet,reference images of classroom/educational poster design (poster_alphabet),KEEP,NEAR_DUPLICATE,P157,,Category default: education/poster_specific -> domain=education. Cross-language translation pair with V314; both kept (Curify serves zh and en).,HIGH
V314,alphabet poster,en,education,poster_specific,具体学习物料实物，视觉目标清晰,education,poster_alphabet,reference images of classroom/educational poster design (poster_alphabet),KEEP,NEAR_DUPLICATE,P157,,Category default: education/poster_specific -> domain=education. Cross-language translation pair with V313; both kept (Curify serves zh and en).,HIGH
V315,荣誉证书,zh,education,certificate,具体学习物料实物，视觉目标清晰,education,certificate_achievement,reference images of certificate/report-card design (certificate_achievement),KEEP,NEAR_DUPLICATE,P158,,Category default: education/certificate -> domain=education. Cross-language translation pair with V316; both kept (Curify serves zh and en).,HIGH
V316,achievement certificate,en,education,certificate,具体学习物料实物，视觉目标清晰,education,certificate_achievement,reference images of certificate/report-card design (certificate_achievement),KEEP,NEAR_DUPLICATE,P158,,Category default: education/certificate -> domain=education. Cross-language translation pair with V315; both kept (Curify serves zh and en).,HIGH
V317,毕业证,zh,education,certificate,具体学习物料实物，视觉目标清晰,education,certificate_diploma,reference images of certificate/report-card design (certificate_diploma),KEEP,NEAR_DUPLICATE,P159,,Category default: education/certificate -> domain=education. Cross-language translation pair with V318; both kept (Curify serves zh and en).,HIGH
V318,diploma,en,education,certificate,具体学习物料实物，视觉目标清晰,education,certificate_diploma,reference images of certificate/report-card design (certificate_diploma),KEEP,NEAR_DUPLICATE,P159,,Category default: education/certificate -> domain=education. Cross-language translation pair with V317; both kept (Curify serves zh and en).,HIGH
V319,校历,zh,education,calendar,具体学习物料实物，视觉目标清晰,education,calendar_school,reference images of educational/school calendars (calendar_school),KEEP,NEAR_DUPLICATE,P160,,Category default: education/calendar -> domain=education. Cross-language translation pair with V320; both kept (Curify serves zh and en).,HIGH
V320,school calendar,en,education,calendar,具体学习物料实物，视觉目标清晰,education,calendar_school,reference images of educational/school calendars (calendar_school),KEEP,NEAR_DUPLICATE,P160,,Category default: education/calendar -> domain=education. Cross-language translation pair with V319; both kept (Curify serves zh and en).,HIGH
V321,教室装饰,zh,education,classroom_material,具体教室物料实物，视觉目标清晰,education,classroom_equipment,reference images of classroom equipment/materials (classroom_equipment),KEEP,NEAR_DUPLICATE,P161,,Category default: education/classroom_material -> domain=education. Cross-language translation pair with V322; both kept (Curify serves zh and en).,HIGH
V322,classroom decoration,en,education,classroom_material,具体教室物料实物，视觉目标清晰,education,classroom_equipment,reference images of classroom equipment/materials (classroom_equipment),KEEP,NEAR_DUPLICATE,P161,,Category default: education/classroom_material -> domain=education. Cross-language translation pair with V321; both kept (Curify serves zh and en).,HIGH
V323,学习图表,zh,education,chart,具体学习物料实物，视觉目标清晰,education,chart_generic,reference images of educational charts (chart_generic),KEEP,SEMANTIC_OVERLAP,SG_chart,,学习图表/'learning chart' overlaps heavily with generic 图表/'chart' (V269) -- kept as REVIEW-adjacent KEEP since the distinction (generic chart vs. explicitly learning-framed chart) is thin.,MEDIUM
V324,learning chart,en,education,chart,具体学习物料实物，视觉目标清晰,education,chart_generic,reference images of educational charts (chart_generic),KEEP,SEMANTIC_OVERLAP,SG_chart,,"'learning chart' overlaps heavily with generic 'chart' (V270) -- kept, but the distinction is thin.",MEDIUM
V325,贴纸奖励表,zh,education,chart,具体学习物料实物，视觉目标清晰,education,chart_reward,reference images of educational charts (chart_reward),KEEP,NEAR_DUPLICATE,P163,,Category default: education/chart -> domain=education. Cross-language translation pair with V326; both kept (Curify serves zh and en).,HIGH
V326,reward chart,en,education,chart,具体学习物料实物，视觉目标清晰,education,chart_reward,reference images of educational charts (chart_reward),KEEP,NEAR_DUPLICATE,P163,,Category default: education/chart -> domain=education. Cross-language translation pair with V325; both kept (Curify serves zh and en).,HIGH
